EventID,NodeID,ChoiceID,EventName,ExperiencePurpose,PlayerPerceivedChange,PresentationMode,PresentationType,Speaker,BodyText,ChoiceText,NextNodeID,TimeDelta,WillDelta,PersonalXpDelta,SocialXpDelta,TechnicalXpDelta,SamAffinityDelta,JinaAffinityDelta,FayeAffinityDelta,BenjaminAffinityDelta,BorichiAffinityDelta,DiyaAffinityDelta,State1ID,State1Change,State2ID,State2Change,State3ID,State3Change,QuestAction,QuestID,QuestStepID,EmitEventID,ResultTextOverride,SoftStat,SoftRequirement,HardConditionLogic,HardCond1Type,HardCond1Key,HardCond1Operator,HardCond1Value,HardCond2Type,HardCond2Key,HardCond2Operator,HardCond2Value,Active,WriterNote
EVT_W1_GAME_START,N01,,다시 눈을 뜨다,"제이의 정체성과 시간 공백을 먼저 느끼고, 출항 목표보다 ‘내가 없는 동안 무슨 일이 있었나’에 집중한다.",냉동 장치가 열리고 가장 가까웠던 동료 벤자민이 제이를 깨운다.,NARRATIVE,NARRATION,NARRATOR,"냉동 장치의 잠금이 풀리는 소리 뒤로, 제이가 기억하는 목소리가 들린다. 오래 잤다는 감각보다 먼저 낯익은 얼굴이 시야에 들어온다.",눈을 뜬다.,N02,0,0,0,0,0,,,,,,,,,,,,,ACTIVATE_QUEST,QST_W1_MAIN_01_AWAKE,,,,,,,,,,,,,,,TRUE,게임 시작 능력치 배분 UI 확정 후 이어지는 오프닝. 출항을 최종 목표로 즉시 선포하지 않는다.
EVT_W1_AWAKE_COMPLETE,N01,,빠져 있던 시간을 따라잡다,제이가 현재 세계를 이해하기 위한 최소 정보를 갖춘다.,"핵심 동료 6명을 모두 다시 만나고, 제이가 빠져 있던 시간의 윤곽을 잡는다.",SILENT,NONE,,,,,0,0,0,0,0,,,,,,,,,,,,,,,,,,,,,,,,,,,,,TRUE,STA_W1_REUNION_COUNT >= 6 Trigger가 발생. QSTEP_W1_MAIN_01_AWAKE_01이 이 Event를 듣고 Quest 완료.
EVT_W1_DAY3_INVEST,N01,,지질학자에게 돌아온 일,제이가 지질학자라는 정체성을 시스템 플레이로 각인하고 Week1의 핵심 조사 구간을 연다.,샘이 제이에게 오아시스의 장기 안정성을 지질학자의 시선으로 조사해 달라고 맡긴다.,NARRATIVE,NARRATION,NARRATOR,"샘은 오아시스 자료를 내민다. “물을 쓰는 사람은 많지만, 이게 앞으로도 버틸지 판단할 사람은 네가 제일 적합해. 지질 쪽으로 봐 줘.”",계속,,0,0,0,0,0,,,,,,,,,,,,,ACTIVATE_QUEST,QST_W1_MAIN_02_INVESTIGATION,,,,,,,,,,,,,,,TRUE,"Day3, 도입 Main 완료 후 활성화."
EVT_W1_OASIS_RISK_FOUND,N01,,오아시스 장기 위험 발견,한 가지 ‘정답 클릭’이 아니라 서로 다른 조사 경로가 같은 구조적 위험으로 수렴하게 한다.,수질·지질·기상 또는 생활 기록이 ‘현재 방식의 장기 거주는 보장할 수 없다’는 결론을 가리킨다.,NARRATIVE,NARRATION,NARRATOR,오아시스는 지금 당장 사용할 수 있다. 하지만 수위·지반·퇴적 변화는 현재 생활 방식을 장기적으로 안전하다고 보장할 수 없다는 쪽으로 모인다.,계속,,0,0,0,0,0,,,,,,,STA_W1_OASIS_RISK_KNOWN,SET TRUE,,,,,,,,,,,,,,,,,,,,,TRUE,QSTEP_W1_MAIN_02_INVESTIGATION_01이 이 Event를 듣고 Step2로 이동.
EVT_W1_INVEST_REPORT_DONE,N01,,조사 결과 공유,개인적으로 알아낸 사실을 공동체의 의사결정 문제로 바꾼다.,"샘과 조사 결과를 공유하고, Day7까지 공개 방식과 후속 대비를 준비하는 시간이 열린다.",SILENT,NONE,,,,,0,0,0,0,0,,,,,,,STA_W1_DISCLOSURE_DEBATE_OPEN,SET TRUE,,,,,ACTIVATE_QUEST,QST_W1_MAIN_03_DISCLOSURE,,,,,,,,,,,,,,,TRUE,Investigation Quest는 QuestStep ProgressEvent로 별도 완료. 동시에 Disclosure Main을 ACTIVE로 전환.
EVT_W1_DAY7_DISCLOSE,N01,,오늘은 결정해야 한다,Day3~6에 고민하고 준비한 공개 문제를 Day7 실제 선택으로 회수한다.,샘에게 Main !가 나타나고 여러 주요 인물이 참여하는 긴 공개 결정 장면으로 진입한다.,NARRATIVE,NARRATION,NARRATOR,일주일째 아침. 더 미룰 수 없다. 제이는 오늘 오아시스의 위험을 누구에게 어디까지 알릴지 결정해야 한다.,계속,,0,0,0,0,0,,,,,,,,,,,,,,,,,,,,,,,,,,,,,TRUE,실제 선택은 FLOW_W1_DISCLOSURE. Event는 Day7 결정을 전면에 올리는 역할만 한다.
EVT_W1_DISCLOSE_PUBLIC,N01,,전면 공개,전면 공개의 즉시 감정적 파급과 Week2 협력/혼란 Variant의 근거를 만든다.,공동체 전체가 위험을 알고 스스로 준비에 참여하기 시작하지만 불안과 요구도 동시에 커진다.,NARRATIVE,NARRATION,NARRATOR,진실은 공동체 전체의 것이 되었다. 준비할 사람이 늘어난 만큼 질문과 두려움도 더 이상 제이와 샘만의 문제가 아니다.,계속,,0,0,0,0,0,,,,,,,STA_W1_DISCLOSURE_PUBLIC,SET TRUE,,,,,COMPLETE_QUEST,QST_W1_MAIN_03_DISCLOSURE,,,,,,,,,,,,,,,TRUE,
EVT_W1_DISCLOSE_LIMITED,N01,,제한 공개,제한 공개의 겉보기 평온과 소수 전문가에게 몰리는 부담을 Week2로 넘긴다.,대부분의 주민은 평소처럼 생활하지만 핵심 인물들의 시간과 판단 부담이 갑자기 무거워진다.,NARRATIVE,NARRATION,NARRATOR,거주지는 평온해 보인다. 대신 제이와 몇몇 핵심 인물만 같은 위험을 공유한 채 더 많은 준비를 떠안는다.,계속,,0,0,0,0,0,,,,,,,STA_W1_DISCLOSURE_LIMITED,SET TRUE,,,,,COMPLETE_QUEST,QST_W1_MAIN_03_DISCLOSURE,,,,,,,,,,,,,,,TRUE,
EVT_ACT_W1_BEN_NAMES,N01,,남겨진 이름들 개방,묘지와 벤자민의 관계를 알아볼 기회를 연다.,해당 캐릭터에게 새로운 퀘스트 상호작용이 생긴다.,SILENT,NONE,,,,,0,0,0,0,0,,,,,,,,,,,,,,,,,,,,,,,,,,,,,FALSE,v1.6: 자동 Quest 수락 제거. OFFER 상호작용으로 대체되어 비활성.
EVT_ACT_W1_SAM_BURDEN,N01,,책임지는 사람 개방,샘의 지도자 역할을 가까이서 볼 기회를 연다.,해당 캐릭터에게 새로운 퀘스트 상호작용이 생긴다.,SILENT,NONE,,,,,0,0,0,0,0,,,,,,,,,,,,,,,,,,,,,,,,,,,,,FALSE,v1.6: 자동 Quest 수락 제거. OFFER 상호작용으로 대체되어 비활성.
EVT_ACT_W1_FAYE_SHIP,N01,,"망가진 배, 살아 있는 기술자 개방",수송선 기술 상태를 더 깊게 볼 기회를 연다.,해당 캐릭터에게 새로운 퀘스트 상호작용이 생긴다.,SILENT,NONE,,,,,0,0,0,0,0,,,,,,,,,,,,,,,,,,,,,,,,,,,,,FALSE,v1.6: 자동 Quest 수락 제거. OFFER 상호작용으로 대체되어 비활성.
EVT_ACT_W1_JINA_RATIONS,N01,,배급의 기준 개방,생활 자원 관리의 기준을 경험할 기회를 연다.,해당 캐릭터에게 새로운 퀘스트 상호작용이 생긴다.,SILENT,NONE,,,,,0,0,0,0,0,,,,,,,,,,,,,,,,,,,,,,,,,,,,,FALSE,v1.6: 자동 Quest 수락 제거. OFFER 상호작용으로 대체되어 비활성.
EVT_ACT_W1_DIYA_SETTLE,N01,,사람들이 사는 방식 개방,거주지를 정착 공간의 관점에서 볼 기회를 연다.,해당 캐릭터에게 새로운 퀘스트 상호작용이 생긴다.,SILENT,NONE,,,,,0,0,0,0,0,,,,,,,,,,,,,,,,,,,,,,,,,,,,,FALSE,v1.6: 자동 Quest 수락 제거. OFFER 상호작용으로 대체되어 비활성.
EVT_ACT_W1_BOR_SKY,N01,,하늘을 보는 사람 개방,기상 관측과 보리치의 역할을 배울 기회를 연다.,해당 캐릭터에게 새로운 퀘스트 상호작용이 생긴다.,SILENT,NONE,,,,,0,0,0,0,0,,,,,,,,,,,,,,,,,,,,,,,,,,,,,FALSE,v1.6: 자동 Quest 수락 제거. OFFER 상호작용으로 대체되어 비활성.
EVT_W1_BEN_NAMES_DONE,N01,,남겨진 가족의 이름,벤자민과 묘지를 연결하고 Week2 묘지 보존의 감정적 근거를 만든다.,벤자민의 아내와 아이가 불시착 당시 죽었다는 사실을 처음 알게 된다.,SILENT,NONE,,,,,0,0,0,0,0,,,,,,,STA_W1_GRAVEYARD_VISITED,SET TRUE,STA_W1_BEN_FAMILY_KNOWN,SET TRUE,,,,,,,,,,,,,,,,,,,TRUE,상실의 사실을 알게 되는 첫 장면. 극복 완료가 아니라 Week2 묘지 보존/Week3 미래로 연결.
EVT_W1_SAM_BURDEN_DONE,N01,,샘의 부담을 이해하다,샘의 판단이 권력이 아니라 책임에서 나온다는 걸 보여준다.,샘의 하루가 끝나도 처리할 일은 남아 있다.,SILENT,NONE,,,,,0,0,0,0,0,,,,,,,,,,,,,,,,,,,,,,,,,,,,,TRUE,
EVT_W1_FAYE_SHIP_DONE,N01,,수송선 우선순위 파악,Week2/3 수송선 관련 선택에 앞선 기술 정보를 준다.,페이가 수송선의 핵심 손상 부위를 정리해 준다.,SILENT,NONE,,,,,0,0,0,0,0,,,,,,,STA_W1_SHIP_REPAIR_PRIORITY_KNOWN,SET TRUE,,,,,,,,,,,,,,,,,,,,,TRUE,
EVT_W1_JINA_RATIONS_DONE,N01,,배급의 무게를 이해하다,지나의 자원 관리 판단을 단순한 인색함이 아니라 책임으로 이해시킨다.,배급표 뒤에 사람들의 사정이 보이기 시작한다.,SILENT,NONE,,,,,0,0,0,0,0,,,,,,,,,,,,,,,,,,,,,,,,,,,,,TRUE,
EVT_W1_DIYA_SETTLE_DONE,N01,,거주지를 공동체로 보다,정착 가능성의 정서·사회적 근거를 미리 심는다.,임시 구조물 사이에서 생활의 흔적이 눈에 들어온다.,SILENT,NONE,,,,,0,0,0,0,0,,,,,,,STA_W1_SETTLEMENT_PERSPECTIVE_KNOWN,SET TRUE,,,,,,,,,,,,,,,,,,,,,TRUE,
EVT_W1_BOR_SKY_DONE,N01,,기상 관측 경험,Week2 폭풍 경고와 Week3 분석에서 보리치의 전문성을 미리 학습시킨다.,바람과 모래 이동을 보는 방식이 조금 익숙해진다.,SILENT,NONE,,,,,0,0,0,0,0,,,,,,,,,,,,,,,,,,,,,,,,,,,,,TRUE,
EVT_W2_DAY8_STORM_WARNING,N01,,이상 기류,Week2의 핵심 목표를 '폭풍 전 준비'로 전환한다.,보리치의 경고와 관측 장비의 이상치가 동시에 나타난다.,NARRATIVE,NARRATION,NARRATOR,대규모 모래폭풍이 접근하고 있다. 규모는 크지만 아직 지속 기간은 알 수 없다.,계속,,0,0,0,0,0,,,,,,,,,,,,,ACTIVATE_QUEST,QST_W2_MAIN_01_STORM_WARNING,,,,,,,,,,,,,,,TRUE,
EVT_W2_STORM_CONFIRMED,N01,,대형 모래폭풍 접근 확인,막연한 징후를 실제 준비가 필요한 재난으로 확정한다.,보리치와 제이의 분석이 같은 결론을 가리킨다.,NARRATIVE,NARRATION,NARRATOR,폭풍은 외부 거주를 버틸 수 없는 수준이다. 피난처가 필요하다.,계속,,0,0,0,0,0,,,,,,,,,,,,,ACTIVATE_QUEST,QST_W2_MAIN_02_SHELTER,,,,,,,,,,,,,,,TRUE,
EVT_W2_SHELTER_DECIDED,N01,,수송선을 피난처로 전환,Week2의 시간 경쟁을 시작하고 외부 보존 콘텐츠를 개방한다.,수송선이 '떠나는 배' 이전에 '7일을 버틸 피난처'로 재정의된다.,NARRATIVE,NARRATION,NARRATOR,이제 사람과 물자를 옮겨야 한다. 동시에 밖에 남겨둘 것들도 결정해야 한다.,계속,,0,0,0,0,0,,,,,,,STA_W2_PRESERVATION_OPEN,SET TRUE,,,,,ACTIVATE_QUEST,QST_W2_MAIN_03_EVAC_PREP,,,,,,,,,,,,,,,TRUE,
EVT_W2_EVAC_READY,N01,,피난 준비 완료,반복 행동으로 쌓은 준비도가 Main 진행으로 환산되는 경험을 준다.,필수 인원·물자·공간의 준비가 최소 기준에 도달했다.,NARRATIVE,NARRATION,NARRATOR,폭풍이 닿기 전에 수송선 문을 닫을 준비가 되었다.,계속,,0,0,0,0,0,,,,,,,,,,,,,,,,,,,,,,,,,,,,,TRUE,QSTEP_W2_MAIN_03_EVAC_PREP_01이 이 Event를 듣고 Quest 완료.
EVT_W2_DAY14_SEAL_READY,N01,,마지막 외부 작업 종료,외부 탐색의 끝과 Week3 내부 맵 전환을 예고한다.,폭풍 전선이 시야를 덮기 시작하고 수송선 출입구에 마지막 퀘스트 마커가 뜬다.,NARRATIVE,NARRATION,NARRATOR,이제 남은 사람과 장비를 확인하고 문을 닫아야 한다.,계속,,0,0,0,0,0,,,,,,,,,,,,,ACTIVATE_QUEST,QST_W2_MAIN_04_SEAL_SHIP,,,,,,,,,,,,,,,TRUE,
EVT_W2_SHIP_SEALED,N01,,수송선 봉쇄,행성 허브 플레이를 끝내고 Week3 수송선 내부 플레이로 전환한다.,외부 출입구가 닫히고 모래가 선체를 때리는 소리만 남는다.,NARRATIVE,NARRATION,NARRATOR,모두 수송선 안으로 들어왔다. 폭풍이 끝날 때까지 밖으로 나갈 수 없다.,계속,,0,0,0,0,0,,,,,,,,,,,,,,,,,,,,,,,,,,,,,TRUE,
EVT_ACT_W2_BEN_GRAVE,N01,,남겨둘 수 없는 것 개방,폭풍 대비 과정에서 선택적·캐릭터 중심 문제를 연다.,해당 인물/장소에 퀘스트 행동이 추가된다.,SILENT,NONE,,,,,0,0,0,0,0,,,,,,,,,,,,,,,,,,,,,,,,,,,,,FALSE,v1.6: 자동 Quest 수락 제거. OFFER 상호작용으로 대체되어 비활성.
EVT_ACT_W2_DIYA_HOME,N01,,돌아올 집 개방,폭풍 대비 과정에서 선택적·캐릭터 중심 문제를 연다.,해당 인물/장소에 퀘스트 행동이 추가된다.,SILENT,NONE,,,,,0,0,0,0,0,,,,,,,,,,,,,,,,,,,,,,,,,,,,,FALSE,v1.6: 자동 Quest 수락 제거. OFFER 상호작용으로 대체되어 비활성.
EVT_ACT_W2_JINA_WATER,N01,,마지막 물 개방,폭풍 대비 과정에서 선택적·캐릭터 중심 문제를 연다.,해당 인물/장소에 퀘스트 행동이 추가된다.,SILENT,NONE,,,,,0,0,0,0,0,,,,,,,,,,,,,,,,,,,,,,,,,,,,,FALSE,v1.6: 자동 Quest 수락 제거. OFFER 상호작용으로 대체되어 비활성.
EVT_ACT_W2_FAYE_EQUIP,N01,,가져갈 것과 남길 것 개방,폭풍 대비 과정에서 선택적·캐릭터 중심 문제를 연다.,해당 인물/장소에 퀘스트 행동이 추가된다.,SILENT,NONE,,,,,0,0,0,0,0,,,,,,,,,,,,,,,,,,,,,,,,,,,,,FALSE,v1.6: 자동 Quest 수락 제거. OFFER 상호작용으로 대체되어 비활성.
EVT_ACT_W2_SEEDS,N01,,온실의 씨앗 개방,폭풍 대비 과정에서 선택적·캐릭터 중심 문제를 연다.,해당 인물/장소에 퀘스트 행동이 추가된다.,SILENT,NONE,,,,,0,0,0,0,0,,,,,,,,,,,,,,,,,,,,,,,,,,,,,FALSE,v1.6: 자동 Quest 수락 제거. OFFER 상호작용으로 대체되어 비활성.
EVT_ACT_W2_LAST_OBS,N01,,마지막 외부 관측 개방,폭풍 대비 과정에서 선택적·캐릭터 중심 문제를 연다.,해당 인물/장소에 퀘스트 행동이 추가된다.,SILENT,NONE,,,,,0,0,0,0,0,,,,,,,,,,,,,,,,,,,,,,,,,,,,,FALSE,v1.6: 자동 Quest 수락 제거. OFFER 상호작용으로 대체되어 비활성.
EVT_ACT_W2_PERSONAL_ITEMS,N01,,가져갈 수 있는 것 개방,폭풍 대비 과정에서 선택적·캐릭터 중심 문제를 연다.,해당 인물/장소에 퀘스트 행동이 추가된다.,SILENT,NONE,,,,,0,0,0,0,0,,,,,,,,,,,,,,,,,,,,,,,,,,,,,FALSE,v1.6: 자동 Quest 수락 제거. OFFER 상호작용으로 대체되어 비활성.
EVT_W2_BEN_GRAVE_PRESERVE,N01,,외부 보존을 선택하다,묘지 보존에 시간을 쓴 결과를 기록한다.,외부 시설에 실제 보강 흔적이 남는다.,SILENT,NONE,,,,,0,0,0,0,0,,,,,,,STA_PRESERVE_GRAVEYARD,ADD 2,,,,,SET_QUEST_STEP,QST_CHAR_BENJAMIN,QSTEP_CHAR_BENJAMIN_03_FUTURE,,,,,,,,,,,,,,TRUE,v1.6: Character 장기 퀘스트 다음 주차 단계로 이동.
EVT_W2_DIYA_HOME_PRESERVE,N01,,외부 보존을 선택하다,거주지 보존에 시간을 쓴 결과를 기록한다.,외부 시설에 실제 보강 흔적이 남는다.,SILENT,NONE,,,,,0,0,0,0,0,,,,,,,STA_PRESERVE_SETTLEMENT,ADD 2,,,,,SET_QUEST_STEP,QST_CHAR_DIYA,QSTEP_CHAR_DIYA_03_FUTURE,,,,,,,,,,,,,,TRUE,v1.6: Character 장기 퀘스트 다음 주차 단계로 이동.
EVT_W2_JINA_WATER_PRESERVE,N01,,외부 보존을 선택하다,오아시스 설비 보존을 기록한다.,외부 시설에 실제 보강 흔적이 남는다.,SILENT,NONE,,,,,0,0,0,0,0,,,,,,,STA_PRESERVE_OASIS,ADD 2,,,,,SET_QUEST_STEP,QST_CHAR_JINA,QSTEP_CHAR_JINA_03_FUTURE,,,,,,,,,,,,,,TRUE,v1.6: Character 장기 퀘스트 다음 주차 단계로 이동.
EVT_W2_FAYE_EQUIP_PRESERVE,N01,,외부 보존을 선택하다,외부 수송선 설비 보존을 기록한다.,외부 시설에 실제 보강 흔적이 남는다.,SILENT,NONE,,,,,0,0,0,0,0,,,,,,,STA_PRESERVE_SHIP,ADD 2,,,,,SET_QUEST_STEP,QST_CHAR_FAYE,QSTEP_CHAR_FAYE_03_FUTURE,,,,,,,,,,,,,,TRUE,v1.6: Character 장기 퀘스트 다음 주차 단계로 이동.
EVT_W2_BEN_GRAVE_WITHDRAW,N01,,묘지에서 철수,사람의 생존을 우선하며 묘지 보존을 포기한 선택을 기록한다.,최소한의 기록만 들고 묘지를 떠난다.,SILENT,NONE,,,,,0,0,0,0,0,,,,,,,,,,,,,SET_QUEST_STEP,QST_CHAR_BENJAMIN,QSTEP_CHAR_BENJAMIN_03_FUTURE,,,,,,,,,,,,,,TRUE,v1.6: Character 장기 퀘스트 다음 주차 단계로 이동.
EVT_W2_DIYA_HOME_WITHDRAW,N01,,거주지에서 철수,생활 공간 보존보다 피난을 우선한 선택을 기록한다.,필수 기록만 챙기고 구조물은 폭풍에 맡긴다.,SILENT,NONE,,,,,0,0,0,0,0,,,,,,,,,,,,,SET_QUEST_STEP,QST_CHAR_DIYA,QSTEP_CHAR_DIYA_03_FUTURE,,,,,,,,,,,,,,TRUE,v1.6: Character 장기 퀘스트 다음 주차 단계로 이동.
EVT_W2_JINA_WATER_WITHDRAW,N01,,물을 수송선으로 옮기다,정착 기반보다 Week3 생존 보급을 우선한다.,보관 가능한 물을 최대한 수송선 안으로 옮긴다.,SILENT,NONE,,,,,0,0,0,0,0,,,,,,,STA_W3_SUPPLY_STABILITY,ADD 1,,,,,SET_QUEST_STEP,QST_CHAR_JINA,QSTEP_CHAR_JINA_03_FUTURE,,,,,,,,,,,,,,TRUE,v1.6: Character 장기 퀘스트 다음 주차 단계로 이동.
EVT_W2_FAYE_EQUIP_WITHDRAW,N01,,부품을 회수하다,폭풍 이후 복구 가능성보다 Week3 기술 안정성을 우선한다.,외부 설비에서 쓸 수 있는 부품을 뜯어 내부로 가져온다.,SILENT,NONE,,,,,0,0,0,0,0,,,,,,,STA_W3_TECH_STABILITY,ADD 1,,,,,SET_QUEST_STEP,QST_CHAR_FAYE,QSTEP_CHAR_FAYE_03_FUTURE,,,,,,,,,,,,,,TRUE,v1.6: Character 장기 퀘스트 다음 주차 단계로 이동.
EVT_W2_SEEDS_PRESERVED,N01,,씨앗을 보존하다,정착 하드 엔딩에 장기 재배 가능성을 남긴다.,씨앗과 재배 장비가 별도 보호 상자에 들어간다.,SILENT,NONE,,,,,0,0,0,0,0,,,,,,,STA_W2_SEEDS_PRESERVED,SET TRUE,,,,,COMPLETE_QUEST,QST_W2_SIDE_SEEDS,,,,,,,,,,,,,,,TRUE,
EVT_W2_SEEDS_USED,N01,,씨앗 여유분을 현재 보급으로 전환,장기 가능성을 줄이고 Week3 보급을 강화한다.,재배 여유분이 현재 식량·자원으로 전환된다.,SILENT,NONE,,,,,0,0,0,0,0,,,,,,,STA_W3_SUPPLY_STABILITY,ADD 1,,,,,COMPLETE_QUEST,QST_W2_SIDE_SEEDS,,,,,,,,,,,,,,,TRUE,
EVT_W2_LAST_OBS_DONE,N01,,폭풍 직전 기준 자료 확보,Week3 조사에서 플레이어가 과거 투자 이점을 체감하게 한다.,폭풍 직전의 지형·기상 데이터가 안전하게 저장된다.,SILENT,NONE,,,,,0,0,0,0,0,,,,,,,STA_W3_PRE_STORM_DATA,SET TRUE,,,,,,,,,,,,,,,,,,,,,TRUE,
EVT_W2_ITEMS_STRICT,N01,,필수품만 반입,보급 효율을 우선한 결정을 기록한다.,수송선 내부 공간이 깔끔하게 정리되지만 개인 물품은 거의 남지 않는다.,SILENT,NONE,,,,,0,0,0,0,0,,,,,,,STA_W3_SUPPLY_STABILITY,ADD 1,,,,,COMPLETE_QUEST,QST_W2_SIDE_PERSONAL_ITEMS,,,,,,,,,,,,,,,TRUE,
EVT_W2_ITEMS_FLEX,N01,,일부 개인 물품 허용,생활 안정과 사람의 정서적 흔적을 우선한 결정을 기록한다.,거주 구역 곳곳에 각자의 작은 개인 물품이 남는다.,SILENT,NONE,,,,,0,0,0,0,0,,,,,,,STA_W2_PERSONAL_ITEMS_FLEXIBLE,SET TRUE,STA_W3_HABIT_STABILITY,ADD 1,,,COMPLETE_QUEST,QST_W2_SIDE_PERSONAL_ITEMS,,,,,,,,,,,,,,,TRUE,
EVT_W3_STORM_HITS,N01,CHO_EVT_W3_POWER_NAV,폭풍이 수송선을 집어삼키다,Week3 공간 전환과 즉각적 위기 선택을 동시에 보여준다.,수송선 전체가 흔들리고 일부 계통의 전력이 떨어진다.,NARRATIVE,NARRATION,NARRATOR,폭풍이 시작됐다. 남은 전력을 어디에 먼저 보낼지 즉시 결정해야 한다.,지휘·항해를 우선한다,,0,0,0,0,0,,,,,,,STA_W3_POWER_PRIORITY,SET NAV,STA_W3_NAV_STABILITY,ADD 1,STA_W3_HABIT_STABILITY,ADD -1,ACTIVATE_QUEST,QST_W3_MAIN_01_CHAOS,,,항해 계통은 안정됐지만 거주 구역에 부담이 갔다.,NONE,0,AND,,,,,,,,,TRUE,EVENT에서 제시되는 즉시 판단 예외: TimeCost 0 허용.
EVT_W3_STORM_HITS,N01,CHO_EVT_W3_POWER_TECH,폭풍이 수송선을 집어삼키다,Week3 공간 전환과 즉각적 위기 선택을 동시에 보여준다.,수송선 전체가 흔들리고 일부 계통의 전력이 떨어진다.,NARRATIVE,NARRATION,NARRATOR,폭풍이 시작됐다. 남은 전력을 어디에 먼저 보낼지 즉시 결정해야 한다.,기관·연구를 우선한다,,0,0,0,0,0,,,,,,,STA_W3_POWER_PRIORITY,SET TECH,STA_W3_TECH_STABILITY,ADD 1,STA_W3_SUPPLY_STABILITY,ADD -1,ACTIVATE_QUEST,QST_W3_MAIN_01_CHAOS,,,기관·연구 계통은 안정됐지만 보급 설비가 불안정해졌다.,NONE,0,AND,,,,,,,,,TRUE,EVENT 즉시 선택.
EVT_W3_STORM_HITS,N01,CHO_EVT_W3_POWER_HABIT,폭풍이 수송선을 집어삼키다,Week3 공간 전환과 즉각적 위기 선택을 동시에 보여준다.,수송선 전체가 흔들리고 일부 계통의 전력이 떨어진다.,NARRATIVE,NARRATION,NARRATOR,폭풍이 시작됐다. 남은 전력을 어디에 먼저 보낼지 즉시 결정해야 한다.,거주 구역을 우선한다,,0,0,0,0,0,,,,,,,STA_W3_POWER_PRIORITY,SET HABIT,STA_W3_HABIT_STABILITY,ADD 1,STA_W3_TECH_STABILITY,ADD -1,ACTIVATE_QUEST,QST_W3_MAIN_01_CHAOS,,,사람들은 안정됐지만 기관 계통의 여유가 줄었다.,NONE,0,AND,,,,,,,,,TRUE,EVENT 즉시 선택.
EVT_W3_CHAOS_STABILIZED,N01,,첫날의 혼란 수습,즉시 위기에서 장기적인 폭풍 분석 단계로 전환한다.,네 구역의 보고 체계가 정리되고 사람들의 움직임이 조금 안정된다.,SILENT,NONE,,,,,0,0,0,0,0,,,,,,,,,,,,,ACTIVATE_QUEST,QST_W3_MAIN_02_STORM_ANALYSIS,,,,,,,,,,,,,,,TRUE,
EVT_W3_PATTERN_FOUND,N01,,폭풍 패턴 발견,반복 관측이 서사적 진전으로 환산되는 순간을 만든다.,관측 그래프에서 반복되는 폭풍 구조가 드러난다.,NARRATIVE,NARRATION,NARRATOR,폭풍은 무작위가 아니다. 이제 피해 범위와 종료 시점을 계산할 수 있다.,계속,,0,0,0,0,0,,,,,,,,,,,,,,,,,,,,,,,,,,,,,TRUE,QSTEP_W3_MAIN_02_STORM_ANALYSIS_01 → Step2.
EVT_W3_FORECAST_READY,N01,,종료 시점 계산 완료,제이와 보리치의 전문성이 실제 미래 판단 정보로 결실을 맺는다.,Day 21 무렵 폭풍이 약화될 가능성이 수치와 지도에 표시된다.,NARRATIVE,NARRATION,NARRATOR,폭풍의 끝이 보인다. 이제 이 사실을 사람들에게 알려야 한다.,계속,,0,0,0,0,0,,,,,,,,,,,,,ACTIVATE_QUEST,QST_W3_MAIN_03_FORECAST,,,,,,,,,,,,,,,TRUE,
EVT_W3_FORECAST_ANNOUNCED,N01,,폭풍의 끝을 발표하다,Week3의 질문을 '얼마나 버티나'에서 '그 뒤 어떻게 살 것인가'로 전환한다.,사람들이 처음으로 Day 21 이후의 선택을 서로 이야기하기 시작한다.,NARRATIVE,NARRATION,NARRATOR,폭풍은 끝난다. 이제 남는 문제는 그 뒤 어디에서 살아갈 것인가다.,계속,,0,0,0,0,0,,,,,,,STA_W3_FUTURE_TALKS_OPEN,SET TRUE,,,,,ACTIVATE_QUEST,QST_W3_MAIN_04_FUTURE,,,,,,,,,,,,,,,TRUE,
EVT_ACT_W3_FUTURE_SAM,N01,,샘의 대답 개방,폭풍 종료 예측 이후 각 인물의 미래 입장 대화를 연다.,해당 인물에게 '폭풍 뒤의 삶' 퀘스트 상호작용이 생긴다.,SILENT,NONE,,,,,0,0,0,0,0,,,,,,,,,,,,,,,,,,,,,,,,,,,,,FALSE,v1.6: 자동 Quest 수락 제거. OFFER 상호작용으로 대체되어 비활성.
EVT_ACT_W3_FUTURE_JINA,N01,,지나의 대답 개방,폭풍 종료 예측 이후 각 인물의 미래 입장 대화를 연다.,해당 인물에게 '폭풍 뒤의 삶' 퀘스트 상호작용이 생긴다.,SILENT,NONE,,,,,0,0,0,0,0,,,,,,,,,,,,,,,,,,,,,,,,,,,,,FALSE,v1.6: 자동 Quest 수락 제거. OFFER 상호작용으로 대체되어 비활성.
EVT_ACT_W3_FUTURE_FAYE,N01,,페이의 대답 개방,폭풍 종료 예측 이후 각 인물의 미래 입장 대화를 연다.,해당 인물에게 '폭풍 뒤의 삶' 퀘스트 상호작용이 생긴다.,SILENT,NONE,,,,,0,0,0,0,0,,,,,,,,,,,,,,,,,,,,,,,,,,,,,FALSE,v1.6: 자동 Quest 수락 제거. OFFER 상호작용으로 대체되어 비활성.
EVT_ACT_W3_FUTURE_BEN,N01,,벤자민의 대답 개방,폭풍 종료 예측 이후 각 인물의 미래 입장 대화를 연다.,해당 인물에게 '폭풍 뒤의 삶' 퀘스트 상호작용이 생긴다.,SILENT,NONE,,,,,0,0,0,0,0,,,,,,,,,,,,,,,,,,,,,,,,,,,,,FALSE,v1.6: 자동 Quest 수락 제거. OFFER 상호작용으로 대체되어 비활성.
EVT_ACT_W3_FUTURE_BOR,N01,,보리치의 대답 개방,폭풍 종료 예측 이후 각 인물의 미래 입장 대화를 연다.,해당 인물에게 '폭풍 뒤의 삶' 퀘스트 상호작용이 생긴다.,SILENT,NONE,,,,,0,0,0,0,0,,,,,,,,,,,,,,,,,,,,,,,,,,,,,FALSE,v1.6: 자동 Quest 수락 제거. OFFER 상호작용으로 대체되어 비활성.
EVT_ACT_W3_FUTURE_DIYA,N01,,디야의 대답 개방,폭풍 종료 예측 이후 각 인물의 미래 입장 대화를 연다.,해당 인물에게 '폭풍 뒤의 삶' 퀘스트 상호작용이 생긴다.,SILENT,NONE,,,,,0,0,0,0,0,,,,,,,,,,,,,,,,,,,,,,,,,,,,,FALSE,v1.6: 자동 Quest 수락 제거. OFFER 상호작용으로 대체되어 비활성.
EVT_W3_SAM_LEAVE,N01,,샘이 떠나는 쪽으로 기울다,플레이어의 대화 선택이 인물의 최종 노선 입장에 실제 영향을 주게 한다.,샘이 떠나는 쪽으로 기울다.,SILENT,NONE,,,,,0,0,0,0,0,,,,,,,STA_STANCE_SAM,SET LEAVE,STA_W3_FUTURE_TALKS_DONE,ADD 1,,,COMPLETE_QUEST,QST_CHAR_SAM,,,,,,,,,,,,,,,TRUE,v1.6: 해당 Character 장기 퀘스트가 ACTIVE일 때만 완료.
EVT_W3_SAM_STAY,N01,,샘이 정착 가능성을 인정하다,플레이어의 대화 선택이 인물의 최종 노선 입장에 실제 영향을 주게 한다.,샘이 정착 가능성을 인정하다.,SILENT,NONE,,,,,0,0,0,0,0,,,,,,,STA_STANCE_SAM,SET STAY,STA_W3_FUTURE_TALKS_DONE,ADD 1,,,COMPLETE_QUEST,QST_CHAR_SAM,,,,,,,,,,,,,,,TRUE,v1.6: 해당 Character 장기 퀘스트가 ACTIVE일 때만 완료.
EVT_W3_JINA_LEAVE,N01,,지나가 출항을 지지하다,플레이어의 대화 선택이 인물의 최종 노선 입장에 실제 영향을 주게 한다.,지나가 출항을 지지하다.,SILENT,NONE,,,,,0,0,0,0,0,,,,,,,STA_STANCE_JINA,SET LEAVE,STA_W3_FUTURE_TALKS_DONE,ADD 1,,,COMPLETE_QUEST,QST_CHAR_JINA,,,,,,,,,,,,,,,TRUE,v1.6: 해당 Character 장기 퀘스트가 ACTIVE일 때만 완료.
EVT_W3_JINA_STAY,N01,,지나가 정착을 다시 계산하다,플레이어의 대화 선택이 인물의 최종 노선 입장에 실제 영향을 주게 한다.,지나가 정착을 다시 계산하다.,SILENT,NONE,,,,,0,0,0,0,0,,,,,,,STA_STANCE_JINA,SET STAY,STA_W3_FUTURE_TALKS_DONE,ADD 1,,,COMPLETE_QUEST,QST_CHAR_JINA,,,,,,,,,,,,,,,TRUE,v1.6: 해당 Character 장기 퀘스트가 ACTIVE일 때만 완료.
EVT_W3_FAYE_LEAVE,N01,,페이가 출항을 지지하다,플레이어의 대화 선택이 인물의 최종 노선 입장에 실제 영향을 주게 한다.,페이가 출항을 지지하다.,SILENT,NONE,,,,,0,0,0,0,0,,,,,,,STA_STANCE_FAYE,SET LEAVE,STA_W3_FUTURE_TALKS_DONE,ADD 1,,,COMPLETE_QUEST,QST_CHAR_FAYE,,,,,,,,,,,,,,,TRUE,v1.6: 해당 Character 장기 퀘스트가 ACTIVE일 때만 완료.
EVT_W3_FAYE_STAY,N01,,페이가 기술적 정착 가능성을 인정하다,플레이어의 대화 선택이 인물의 최종 노선 입장에 실제 영향을 주게 한다.,페이가 기술적 정착 가능성을 인정하다.,SILENT,NONE,,,,,0,0,0,0,0,,,,,,,STA_STANCE_FAYE,SET STAY,STA_W3_FUTURE_TALKS_DONE,ADD 1,,,COMPLETE_QUEST,QST_CHAR_FAYE,,,,,,,,,,,,,,,TRUE,v1.6: 해당 Character 장기 퀘스트가 ACTIVE일 때만 완료.
EVT_W3_BEN_STAY,N01,,벤자민이 남는 입장을 유지하다,플레이어의 대화 선택이 인물의 최종 노선 입장에 실제 영향을 주게 한다.,벤자민이 남는 입장을 유지하다.,SILENT,NONE,,,,,0,0,0,0,0,,,,,,,STA_STANCE_BENJAMIN,SET STAY,STA_W3_FUTURE_TALKS_DONE,ADD 1,,,COMPLETE_QUEST,QST_CHAR_BENJAMIN,,,,,,,,,,,,,,,TRUE,v1.6: 해당 Character 장기 퀘스트가 ACTIVE일 때만 완료.
EVT_W3_BEN_LEAVE,N01,,벤자민이 떠나는 선택도 받아들이다,플레이어의 대화 선택이 인물의 최종 노선 입장에 실제 영향을 주게 한다.,벤자민이 떠나는 선택도 받아들이다.,SILENT,NONE,,,,,0,0,0,0,0,,,,,,,STA_STANCE_BENJAMIN,SET LEAVE,STA_W3_FUTURE_TALKS_DONE,ADD 1,,,COMPLETE_QUEST,QST_CHAR_BENJAMIN,,,,,,,,,,,,,,,TRUE,v1.6: 해당 Character 장기 퀘스트가 ACTIVE일 때만 완료.
EVT_W3_BOR_LEAVE,N01,,보리치가 출항을 지지하다,플레이어의 대화 선택이 인물의 최종 노선 입장에 실제 영향을 주게 한다.,보리치가 출항을 지지하다.,SILENT,NONE,,,,,0,0,0,0,0,,,,,,,STA_STANCE_BORICHI,SET LEAVE,STA_W3_FUTURE_TALKS_DONE,ADD 1,,,COMPLETE_QUEST,QST_CHAR_BORICHI,,,,,,,,,,,,,,,TRUE,v1.6: 해당 Character 장기 퀘스트가 ACTIVE일 때만 완료.
EVT_W3_BOR_STAY,N01,,보리치가 관리 가능한 정착 위험을 인정하다,플레이어의 대화 선택이 인물의 최종 노선 입장에 실제 영향을 주게 한다.,보리치가 관리 가능한 정착 위험을 인정하다.,SILENT,NONE,,,,,0,0,0,0,0,,,,,,,STA_STANCE_BORICHI,SET STAY,STA_W3_FUTURE_TALKS_DONE,ADD 1,,,COMPLETE_QUEST,QST_CHAR_BORICHI,,,,,,,,,,,,,,,TRUE,v1.6: 해당 Character 장기 퀘스트가 ACTIVE일 때만 완료.
EVT_W3_DIYA_STAY,N01,,디야가 정착 입장을 강화하다,플레이어의 대화 선택이 인물의 최종 노선 입장에 실제 영향을 주게 한다.,디야가 정착 입장을 강화하다.,SILENT,NONE,,,,,0,0,0,0,0,,,,,,,STA_STANCE_DIYA,SET STAY,STA_W3_FUTURE_TALKS_DONE,ADD 1,,,COMPLETE_QUEST,QST_CHAR_DIYA,,,,,,,,,,,,,,,TRUE,v1.6: 해당 Character 장기 퀘스트가 ACTIVE일 때만 완료.
EVT_W3_DIYA_LEAVE,N01,,디야가 공동체와 장소를 분리해 생각하다,플레이어의 대화 선택이 인물의 최종 노선 입장에 실제 영향을 주게 한다.,디야가 공동체와 장소를 분리해 생각하다.,SILENT,NONE,,,,,0,0,0,0,0,,,,,,,STA_STANCE_DIYA,SET LEAVE,STA_W3_FUTURE_TALKS_DONE,ADD 1,,,COMPLETE_QUEST,QST_CHAR_DIYA,,,,,,,,,,,,,,,TRUE,v1.6: 해당 Character 장기 퀘스트가 ACTIVE일 때만 완료.
EVT_W3_FUTURE_TALKS_COMPLETE,N01,,모두의 입장을 들었다,여섯 인물의 미래 입장을 한 번씩 다룬 뒤 Main을 마무리한다.,주요 인물 모두가 폭풍 이후의 입장을 말한 상태가 된다.,SILENT,NONE,,,,,0,0,0,0,0,,,,,,,,,,,,,,,,,,,,,,,,,,,,,TRUE,QSTEP_W3_MAIN_04_FUTURE_01 완료 Event.
EVT_W3_DAY21_STORM_END,N01,,폭풍이 그치다,21일간의 선택을 공간의 결과로 확인하는 결산 단계로 전환한다.,모래가 선체를 때리는 소리가 잦아들고 외부 시야가 조금씩 열린다.,NARRATIVE,NARRATION,NARRATOR,7일간의 폭풍이 끝났다. 이제 밖으로 나가 무엇이 남았는지 확인할 수 있다.,계속,,0,0,0,0,0,,,,,,,,,,,,,ACTIVATE_QUEST,QST_W3_MAIN_05_DAY21,,,,,,,,,,,,,,,TRUE,
EVT_W3_OUTSIDE_ASSESSED,N01,,폭풍 뒤의 행성을 보다,플레이어가 Week2 보존 투자와 Week3 생존 투자의 결과를 시각적으로 확인한다.,거주지·오아시스·묘지·수송선 외부의 보존 상태가 실제 풍경으로 드러난다.,NARRATIVE,NARRATION,NARRATOR,무엇을 지켰고 무엇을 포기했는지가 눈앞의 풍경으로 남아 있다.,계속,,0,0,0,0,0,,,,,,,,,,,,,,,,,,,,,,,,,,,,,TRUE,향후 EndingEvaluator가 4개 보존도 + 4개 수송선 안정도 + 6명 입장을 평가.
EVT_W2_PUBLIC_REACTION,N01,,공개된 위험의 후폭풍,Week1 전면 공개가 Week2의 사회적 부담과 자발적 준비로 이어졌음을 체감시킨다.,"주민들이 먼저 짐을 싸고 움직이지만, 불안과 항의도 함께 커진다.",NARRATIVE,NARRATION,NARRATOR,사람들은 이미 위험을 알고 있었다. 몇몇 준비는 스스로 시작됐지만 분위기는 날카롭다.,계속,,0,0,0,0,0,,,,,,,STA_W2_EVAC_PROGRESS,ADD 1,STA_W3_HABIT_STABILITY,ADD -1,,,,,,,,,,,,,,,,,,,TRUE,
EVT_W2_LIMITED_REACTION,N01,,제한 공개의 조용한 부담,Week1 제한 공개가 Week2의 기술적·관리적 책임 집중으로 이어졌음을 체감시킨다.,"대부분은 평소처럼 움직이고, 준비를 아는 소수만 조용히 수송선 작업을 시작한다.",NARRATIVE,NARRATION,NARRATOR,혼란은 적다. 대신 수송선 준비는 제이와 기술자들이 직접 떠안아야 한다.,계속,,0,0,0,0,0,,,,,,,STA_W3_TECH_STABILITY,ADD 1,,,,,,,,,,,,,,,,,,,,,TRUE,
EVT_W1_GAME_START,N02,,다시 눈을 뜨다,가장 친했던 동료의 변화에서 시간 공백을 체감한다.,벤자민이 제이의 상태를 확인하며 깨어난 것을 반긴다.,NARRATIVE,DIALOGUE,CHA_BENJAMIN,“제이. 들려?” 벤자민은 웃으려다가 그만둔다. “좋아. 눈은 제대로 뜨네. 천천히 일어나. 네가 생각하는 것보다 시간이 많이 지났어.”,얼마나 지났는데?,N03,,,,,,,,,,,,,,,,,,,,,,,,,,,,,,,,,,TRUE,벤자민이 제이를 직접 깨우는 오프닝.
EVT_W1_GAME_START,N03,,다시 눈을 뜨다,출항 목표보다 ‘현재 상황 파악’을 플레이어의 첫 목표로 둔다.,사고와 생존자들에 대한 최소 정보만 듣는다.,NARRATIVE,DIALOGUE,PLAYER,"기억은 이어져 있다. 지구를 떠났고, 다른 행성으로 향했고, 그리고 착륙 직전까지. 그 다음이 비어 있다.",사고 뒤엔 무슨 일이 있었어?,N04,,,,,,,,,,,,,,,,,,,,,,,,,,,,,,,,,,TRUE,
EVT_W1_GAME_START,N04,,다시 눈을 뜨다,플레이어를 허브로 내보내고 핵심 동료 6명 재회 Main을 시작한다.,"벤자민과 재회가 체크되고, 다른 동료들을 직접 만나야 한다는 현재 목표가 생긴다.",NARRATIVE,DIALOGUE,CHA_BENJAMIN,"“우린 불시착했고, 살아남은 사람들은 여기서 버텼어. 네가 기억하는 그대로인 사람은 별로 없을 거야.” 벤자민은 잠깐 말을 멈춘다. “샘부터 만나. 아니, 그냥 다 만나봐. 네가 직접 보는 게 나아.”",밖으로 나간다.,,,,,,,,,,,,,STA_W1_MET_BENJAMIN,SET TRUE,STA_W1_REUNION_COUNT,ADD 1,,,,,,,,,,,,,,,,,,,TRUE,도입 Main 체크리스트의 벤자민 항목을 시작부터 완료.
