FlowID,NodeID,ChoiceID,TargetID,EntryText,QuestID,QuestStepID,QuestRole,QuestAction,QuestActionStepID,PresentationType,Speaker,BodyText,ChoiceText,NextNodeID,TimeCost,WillDelta,PersonalXpDelta,SocialXpDelta,TechnicalXpDelta,Affinity1CharacterID,Affinity1Delta,Affinity2CharacterID,Affinity2Delta,State1ID,State1Change,State2ID,State2Change,EmitEventID,ResultTextOverride,EntryMode,OpenDay,CloseDay,AllowedTimeSlots,RepeatRule,Priority,ShowConditionLogic,ShowCond1Type,ShowCond1Key,ShowCond1Operator,ShowCond1Value,ShowCond2Type,ShowCond2Key,ShowCond2Operator,ShowCond2Value,SoftStat,SoftRequirement,HardConditionLogic,HardCond1Type,HardCond1Key,HardCond1Operator,HardCond1Value,HardCond2Type,HardCond2Key,HardCond2Operator,HardCond2Value,Active,WriterNote
FLOW_OFFER_CHAR_BENJAMIN,N01,,CHA_BENJAMIN,묘지에 자주 가는 이유를 묻는다,QST_CHAR_BENJAMIN,QSTEP_CHAR_BENJAMIN_01_NAMES,OFFER,ACTIVATE_QUEST,,DIALOGUE,CHA_BENJAMIN,벤자민은 묘지 쪽을 잠깐 바라본다. 이유를 묻자 처음에는 대답을 피하려 한다.,같이 조금 걸어보자.,,1,0,0,0,0,,,,,,,,,,,MENU_OPTION,2,6,MORNING|AFTERNOON|EVENING,ONCE,170,AND,,,,,,,,,NONE,0,AND,,,,,,,,,TRUE,v1.6 퀘스트 수락 플로우. 수락 자체도 1시간 소모.
FLOW_OFFER_CHAR_SAM,N01,,CHA_SAM,요즘 일을 어떻게 감당하는지 묻는다,QST_CHAR_SAM,QSTEP_CHAR_SAM_01_BURDEN,OFFER,ACTIVATE_QUEST,,DIALOGUE,CHA_SAM,"샘은 괜찮다고 대답하지만, 책상에는 처리하지 못한 요청들이 계속 쌓이고 있다.",내가 조금 도울게.,,1,0,0,0,0,,,,,,,,,,,MENU_OPTION,2,6,MORNING|AFTERNOON|EVENING,ONCE,170,AND,,,,,,,,,NONE,0,AND,,,,,,,,,TRUE,v1.6 퀘스트 수락 플로우. 수락 자체도 1시간 소모.
FLOW_OFFER_CHAR_FAYE,N01,,CHA_FAYE,수송선 상태를 자세히 물어본다,QST_CHAR_FAYE,QSTEP_CHAR_FAYE_01_SHIP,OFFER,ACTIVATE_QUEST,,DIALOGUE,CHA_FAYE,페이는 수송선이 '고장 난 배'라는 말보다 훨씬 복잡한 상태라고 설명한다.,직접 같이 보자.,,1,0,0,0,0,,,,,,,,,,,MENU_OPTION,2,6,MORNING|AFTERNOON|EVENING,ONCE,170,AND,,,,,,,,,NONE,0,AND,,,,,,,,,TRUE,v1.6 퀘스트 수락 플로우. 수락 자체도 1시간 소모.
FLOW_OFFER_CHAR_JINA,N01,,CHA_JINA,배급 일을 도울 일이 있는지 묻는다,QST_CHAR_JINA,QSTEP_CHAR_JINA_01_RATIONS,OFFER,ACTIVATE_QUEST,,DIALOGUE,CHA_JINA,"지나는 사람 수만 세면 끝나는 일이 아니라며, 오늘 배급표를 제이에게 건넨다.",배급 기준부터 배워보자.,,1,0,0,0,0,,,,,,,,,,,MENU_OPTION,2,6,MORNING|AFTERNOON|EVENING,ONCE,170,AND,,,,,,,,,NONE,0,AND,,,,,,,,,TRUE,v1.6 퀘스트 수락 플로우. 수락 자체도 1시간 소모.
FLOW_OFFER_CHAR_DIYA,N01,,CHA_DIYA,거주지를 어떻게 보고 있는지 묻는다,QST_CHAR_DIYA,QSTEP_CHAR_DIYA_01_SETTLEMENT,OFFER,ACTIVATE_QUEST,,DIALOGUE,CHA_DIYA,"디야는 이곳이 더 이상 단순한 임시 숙소가 아니라며, 직접 걸어보면 알 거라고 말한다.",거주지를 같이 둘러보자.,,1,0,0,0,0,,,,,,,,,,,MENU_OPTION,2,6,MORNING|AFTERNOON|EVENING,ONCE,170,AND,,,,,,,,,NONE,0,AND,,,,,,,,,TRUE,v1.6 퀘스트 수락 플로우. 수락 자체도 1시간 소모.
FLOW_OFFER_CHAR_BORICHI,N01,,CHA_BORICHI,기상 관측을 도울 일이 있는지 묻는다,QST_CHAR_BORICHI,QSTEP_CHAR_BORICHI_01_SKY,OFFER,ACTIVATE_QUEST,,DIALOGUE,CHA_BORICHI,보리치는 대답 대신 관측 기록을 내민다. 최근 바람의 방향이 평소와 조금 다르다.,관측을 같이 해보자.,,1,0,0,0,0,,,,,,,,,,,MENU_OPTION,2,6,MORNING|AFTERNOON|EVENING,ONCE,170,AND,,,,,,,,,NONE,0,AND,,,,,,,,,TRUE,v1.6 퀘스트 수락 플로우. 수락 자체도 1시간 소모.
FLOW_OFFER_SIDE_SEEDS,N01,,OBJ_01_SETTLEMENT_BOARD,온실의 씨앗 처리 항목을 확인한다,QST_W2_SIDE_SEEDS,QSTEP_W2_SIDE_SEEDS_01,OFFER,ACTIVATE_QUEST,,NARRATION,NARRATOR,게시판에는 씨앗과 재배 장비를 어떻게 처리할지 담당자가 비어 있는 항목이 남아 있다.,이 문제를 맡는다.,,1,0,0,0,0,,,,,,,,,,,MENU_OPTION,10,13,MORNING|AFTERNOON|EVENING,ONCE,150,AND,STATE,STA_W2_PRESERVATION_OPEN,EQ,TRUE,,,,,NONE,0,AND,,,,,,,,,TRUE,v1.6 Side Quest 수락. 사물에서도 ? 표시가 가능한 예시.
FLOW_OFFER_SIDE_PERSONAL_ITEMS,N01,,CHA_JINA,개인 물품 반입 문제를 맡겠다고 한다,QST_W2_SIDE_PERSONAL_ITEMS,QSTEP_W2_SIDE_PERSONAL_ITEMS_01,OFFER,ACTIVATE_QUEST,,DIALOGUE,CHA_JINA,"지나는 수송선 공간이 빠듯하다며, 개인 물품을 어디까지 허용할지 누군가는 기준을 정해야 한다고 말한다.",내가 기준을 정해볼게.,,1,0,0,0,0,,,,,,,,,,,MENU_OPTION,10,13,MORNING|AFTERNOON|EVENING,ONCE,150,AND,STATE,STA_W2_PRESERVATION_OPEN,EQ,TRUE,,,,,NONE,0,AND,,,,,,,,,TRUE,v1.6 퀘스트 수락 플로우. 수락 자체도 1시간 소모.
FLOW_BASIC_REST_SETTLEMENT,N01,CHO_BASIC_REST,OBJ_01_SETTLEMENT_REST,3시간 쉰다,,,NONE,,,NARRATION,NARRATOR,몸을 눕히고 일정 시간 모든 일을 내려놓는다.,쉰다,,3,1,0,0,0,,,,,,,,,,조금 숨을 돌렸다.,MENU_OPTION,1,14,MORNING|AFTERNOON|EVENING,UNLIMITED,20,AND,,,,,,,,,NONE,0,AND,,,,,,,,,TRUE,거주지에서 하는 기본 휴식. 3h → Will +1.
FLOW_BASIC_TECH_STUDY,N01,CHO_BASIC_TECH_STUDY,OBJ_02_SHIP_CONSOLE,기술 매뉴얼을 공부한다,,,NONE,,,NARRATION,NARRATOR,수송선 정비 기록과 매뉴얼을 차근차근 읽는다.,기술 매뉴얼을 읽는다,,1,0,0,0,1,,,,,,,,,,기술 지식이 조금 늘었다.,MENU_OPTION,1,14,MORNING|AFTERNOON|EVENING,UNLIMITED,20,AND,,,,,,,,,NONE,0,AND,,,,,,,,,TRUE,1h XP 파밍 행동.
FLOW_BASIC_COMMUNITY_WORK,N01,CHO_BASIC_COMMUNITY_WORK,OBJ_01_SETTLEMENT_BOARD,공동체 일손을 돕는다,,,NONE,,,NARRATION,NARRATOR,거주지의 사소하지만 밀린 일을 처리한다.,일손을 돕는다,,2,0,1,1,0,,,,,,,,,,공동체의 생활 흐름을 조금 더 이해했다.,MENU_OPTION,1,14,MORNING|AFTERNOON|EVENING,DAILY,20,AND,,,,,,,,,NONE,0,AND,,,,,,,,,TRUE,하루 1회 사회/개인 성장.
FLOW_BASIC_PUMP_CHECK,N01,CHO_BASIC_PUMP_CHECK,OBJ_04_OASIS_PUMP,펌프 상태를 점검한다,,,NONE,,,NARRATION,NARRATOR,"소리와 진동, 마모 상태를 확인한다.",펌프를 점검한다,,1,0,0,0,1,,,,,,,,,,펌프 상태를 확인했다.,MENU_OPTION,1,14,MORNING|AFTERNOON|EVENING,DAILY,20,AND,,,,,,,,,NONE,0,AND,,,,,,,,,TRUE,환경/기술 기본 행동.
FLOW_BASIC_SAM_TALK,N01,CHO_BASIC_SAM_TALK,CHA_SAM,오늘 상황을 묻는다,,,NONE,,,NARRATION,NARRATOR,샘과 오늘 있었던 일들을 짧게 정리한다.,오늘 상황을 묻는다,,1,0,0,1,0,,,,,,,,,,공동체 상황을 조금 더 이해했다.,MENU_OPTION,1,14,MORNING|AFTERNOON|EVENING,DAILY,20,AND,,,,,,,,,NONE,0,AND,,,,,,,,,TRUE,1h 기본 대화.
FLOW_BASIC_GRAVE_CLEAN,N01,CHO_BASIC_GRAVE_CLEAN,OBJ_03_GRAVE_MEMORIAL,묘비와 주변을 정리한다,,,NONE,,,NARRATION,NARRATOR,모래와 먼지를 걷어내고 남은 흔적을 정리한다.,묘비와 주변을 정리한다,,1,0,1,0,0,,,,,,,,,,묘지를 조금 정돈했다.,MENU_OPTION,1,14,MORNING|AFTERNOON|EVENING,DAILY,20,AND,,,,,,,,,NONE,0,AND,,,,,,,,,TRUE,추모/개인 성장 반복 행동.
FLOW_W1_AWAKE_SAM,N01,CHO_W1_AWAKE,CHA_SAM,사고 이후 상황을 끝까지 듣는다,QST_W1_MAIN_01_AWAKE,QSTEP_W1_MAIN_01_AWAKE_01,PROGRESS,,,DIALOGUE,CHA_SAM,네가 잠든 뒤로 많은 일이 있었어. 처음엔 다들 네가 다시 깨어날 수 있을지도 몰랐고.,누가 죽었어?,N02,2,0,1,0,0,,,,,,,,,,,MENU_OPTION,1,2,MORNING|AFTERNOON|EVENING,ONCE,120,AND,,,,,,,,,NONE,0,AND,,,,,,,,,TRUE,
FLOW_W1_AWAKE_SAM,N02,,CHA_SAM,사고 이후 상황을 끝까지 듣는다,QST_W1_MAIN_01_AWAKE,QSTEP_W1_MAIN_01_AWAKE_01,PROGRESS,,,DIALOGUE,CHA_SAM,…몇 명은 사고에서 살아남지 못했어. 그 뒤에도 우리는 여기서 계속 버텨야 했고.,그리고 지금은?,N03,,,,,,,,,,,,,,,,MENU_OPTION,1,2,MORNING|AFTERNOON|EVENING,ONCE,120,AND,,,,,,,,,,,,,,,,,,,,TRUE,
FLOW_W1_AWAKE_SAM,N03,,CHA_SAM,사고 이후 상황을 끝까지 듣는다,QST_W1_MAIN_01_AWAKE,QSTEP_W1_MAIN_01_AWAKE_01,PROGRESS,,,NARRATION,NARRATOR,"긴 설명이 끝날 무렵, 제이는 자신이 빠져 있던 시간이 얼마나 컸는지 조금씩 실감한다.",직접 둘러보자.,,,,,,,,,,,,,,,EVT_W1_AWAKE_COMPLETE,(개인 XP +1),MENU_OPTION,1,2,MORNING|AFTERNOON|EVENING,ONCE,120,AND,,,,,,,,,,,,,,,,,,,,TRUE,
FLOW_W1_INVEST_BORICHI,N01,CHO_W1_INVEST_BORICHI,CHA_BORICHI,오아시스 조사 방법을 상의한다,QST_W1_MAIN_02_INVESTIGATION,QSTEP_W1_MAIN_02_INVESTIGATION_01,PROGRESS,,,NARRATION,NARRATOR,보리치의 기상 기록과 제이의 지질학 지식을 겹쳐 본다.,관측 기록을 함께 분석한다,,4,0,0,0,2,,,,,,,,,EVT_W1_OASIS_RISK_FOUND,수원과 지반 변화가 장기 거주에 위험할 수 있다는 단서를 확인했다.,MENU_OPTION,3,6,MORNING|AFTERNOON|EVENING,ONCE,100,AND,,,,,,,,,TECHNICAL,2,AND,,,,,,,,,TRUE,
FLOW_W1_INVEST_PUMP,N01,CHO_W1_INVEST_PUMP_FAST,OBJ_04_OASIS_PUMP,수질 샘플을 채취한다,QST_W1_MAIN_02_INVESTIGATION,QSTEP_W1_MAIN_02_INVESTIGATION_01,PROGRESS,,,NARRATION,NARRATOR,펌프와 수질 기록에서 위험 신호가 큰 지점만 선별한다.,핵심 지점만 빠르게 조사한다,,3,0,0,0,1,,,,,,,,,EVT_W1_OASIS_RISK_FOUND,짧은 시간 안에 장기 위험을 확인했다.,MENU_OPTION,3,6,MORNING|AFTERNOON|EVENING,ONCE,105,AND,,,,,,,,,TECHNICAL,4,AND,,,,,,,,,TRUE,
FLOW_W1_INVEST_PUMP,N01,CHO_W1_INVEST_PUMP_NORMAL,OBJ_04_OASIS_PUMP,수질 샘플을 채취한다,QST_W1_MAIN_02_INVESTIGATION,QSTEP_W1_MAIN_02_INVESTIGATION_01,PROGRESS,,,NARRATION,NARRATOR,기초 장비와 현장을 차례로 대조한다.,시간을 들여 하나씩 확인한다,,6,0,1,0,0,,,,,,,,,EVT_W1_OASIS_RISK_FOUND,시간은 더 들었지만 같은 위험을 확인했다.,MENU_OPTION,3,6,MORNING|AFTERNOON|EVENING,ONCE,105,AND,,,,,,,,,NONE,0,AND,,,,,,,,,TRUE,
FLOW_W1_INVEST_WATER,N01,CHO_W1_INVEST_WATER,OBJ_04_OASIS_WATER,◆ 수질과 지질 흔적을 조사한다,QST_W1_MAIN_02_INVESTIGATION,QSTEP_W1_MAIN_02_INVESTIGATION_01,PROGRESS,,,NARRATION,NARRATOR,"물빛, 퇴적 흔적, 주변 지반을 함께 조사한다.",수원과 지층 흔적을 직접 조사한다,,4,0,1,0,0,,,,,,,,,EVT_W1_OASIS_RISK_FOUND,지질학적 흔적을 통해 장기 위험을 확인했다.,WORLD_MARKER,3,6,MORNING|AFTERNOON|EVENING,ONCE,120,AND,,,,,,,,,TECHNICAL,2,AND,,,,,,,,,TRUE,
FLOW_W1_INVEST_REPORT,N01,CHO_W1_INVEST_REPORT,CHA_SAM,조사 결과를 보고한다,QST_W1_MAIN_02_INVESTIGATION,QSTEP_W1_MAIN_02_INVESTIGATION_02,PROGRESS,,,DIALOGUE,PLAYER,오아시스는 당장 쓸 수 있어. 하지만 장기적으로 안전하다고 보긴 어려워.,근거를 설명한다.,N02,1,0,0,1,0,,,,,,,,,,,MENU_OPTION,3,6,MORNING|AFTERNOON|EVENING,ONCE,110,AND,,,,,,,,,NONE,0,AND,,,,,,,,,TRUE,
FLOW_W1_INVEST_REPORT,N02,,CHA_SAM,조사 결과를 보고한다,QST_W1_MAIN_02_INVESTIGATION,QSTEP_W1_MAIN_02_INVESTIGATION_02,PROGRESS,,,DIALOGUE,CHA_SAM,샘은 중간에 끼어들지 않고 끝까지 듣는다. 마지막에야 짧게 묻는다. “다른 사람들도 알아야 할까?”,그건 생각해 봐야 해.,N03,,,,,,,,,,,,,,,,MENU_OPTION,3,6,MORNING|AFTERNOON|EVENING,ONCE,110,AND,,,,,,,,,,,,,,,,,,,,TRUE,
FLOW_W1_INVEST_REPORT,N03,,CHA_SAM,조사 결과를 보고한다,QST_W1_MAIN_02_INVESTIGATION,QSTEP_W1_MAIN_02_INVESTIGATION_02,PROGRESS,,,NARRATION,NARRATOR,"조사는 끝났지만 문제는 더 커졌다. 이제 위험 자체보다, 이 사실을 어떻게 다룰지가 남았다.",대화를 마친다.,,,,,,,,,,,,,,,EVT_W1_INVEST_REPORT_DONE,(대인 XP +1),MENU_OPTION,3,6,MORNING|AFTERNOON|EVENING,ONCE,110,AND,,,,,,,,,,,,,,,,,,,,TRUE,
FLOW_W1_DISCLOSURE,N01,CHO_W1_DISCLOSE_ALL,CHA_SAM,누가 진실을 알아야 하는가,QST_W1_MAIN_03_DISCLOSURE,QSTEP_W1_MAIN_03_DISCLOSURE_01,PROGRESS,,,NARRATION,NARRATOR,"사람들을 모으고, 위험을 설명하고, 질문과 반응을 받아내는 데 하루의 대부분을 쓴다.",모두에게 알린다,B1_01,12,0,0,2,0,,,,,,,,,,진실은 공동체 전체에 퍼졌다. Week 2에는 사람들의 자발적 행동과 혼란을 함께 감당해야 한다.,DIRECT_CLICK,7,7,MORNING|AFTERNOON|EVENING,ONCE,150,AND,,,,,,,,,NONE,0,AND,,,,,,,,,TRUE,
FLOW_W1_DISCLOSURE,B1_01,,CHA_SAM,누가 진실을 알아야 하는가,QST_W1_MAIN_03_DISCLOSURE,QSTEP_W1_MAIN_03_DISCLOSURE_01,PROGRESS,,,NARRATION,NARRATOR,"제이는 사람들을 한자리에 모은다. 설명은 짧게 끝나지 않는다. 질문이 이어지고, 같은 내용을 몇 번이고 다시 말해야 한다.",숨기지 않고 계속 설명한다.,B1_02,,,,,,,,,,,,,,,,DIRECT_CLICK,7,7,MORNING|AFTERNOON|EVENING,ONCE,150,AND,,,,,,,,,,,,,,,,,,,,TRUE,
FLOW_W1_DISCLOSURE,B1_02,,CHA_SAM,누가 진실을 알아야 하는가,QST_W1_MAIN_03_DISCLOSURE,QSTEP_W1_MAIN_03_DISCLOSURE_01,PROGRESS,,,DIALOGUE,PLAYER,“지금 당장 떠나자는 얘기가 아니야. 하지만 위험을 모른 채 준비하게 만들고 싶지는 않아.”,사람들의 반응을 듣는다.,B1_03,,,,,,,,,,,,,,,,DIRECT_CLICK,7,7,MORNING|AFTERNOON|EVENING,ONCE,150,AND,,,,,,,,,,,,,,,,,,,,TRUE,
FLOW_W1_DISCLOSURE,B1_03,,CHA_SAM,누가 진실을 알아야 하는가,QST_W1_MAIN_03_DISCLOSURE,QSTEP_W1_MAIN_03_DISCLOSURE_01,PROGRESS,,,NARRATION,NARRATOR,"하루가 저물 무렵, 진실은 공동체 전체에 퍼져 있었다. 몇몇은 벌써 짐을 챙기고, 몇몇은 제이에게 따져 묻기 시작한다.",오늘의 설명을 끝낸다.,,,,,,,,,,,,,,,EVT_W1_DISCLOSE_PUBLIC,(12시간 경과 / 대인 XP +2 / 모두에게 공개),DIRECT_CLICK,7,7,MORNING|AFTERNOON|EVENING,ONCE,150,AND,,,,,,,,,,,,,,,,,,,,TRUE,
FLOW_W1_DISCLOSURE,N01,CHO_W1_DISCLOSE_LIMITED,CHA_SAM,누가 진실을 알아야 하는가,QST_W1_MAIN_03_DISCLOSURE,QSTEP_W1_MAIN_03_DISCLOSURE_01,PROGRESS,,,NARRATION,NARRATOR,샘과 함께 준비에 필요한 사람들을 골라 개별적으로 정보를 공유한다.,일부 핵심 인물에게만 알린다,B2_01,6,0,0,0,1,,,,,,,,,,혼란은 작지만 준비의 책임은 소수에게 집중된다.,DIRECT_CLICK,7,7,MORNING|AFTERNOON|EVENING,ONCE,150,AND,,,,,,,,,NONE,0,AND,,,,,,,,,TRUE,
FLOW_W1_DISCLOSURE,B2_01,,CHA_SAM,누가 진실을 알아야 하는가,QST_W1_MAIN_03_DISCLOSURE,QSTEP_W1_MAIN_03_DISCLOSURE_01,PROGRESS,,,DIALOGUE,CHA_SAM,“준비에 꼭 필요한 사람부터 부르자. 아직 확실하지 않은 이야기까지 퍼지면 통제가 안 될 수도 있어.”,누구에게 먼저 말할지 정한다.,B2_02,,,,,,,,,,,,,,,,DIRECT_CLICK,7,7,MORNING|AFTERNOON|EVENING,ONCE,150,AND,,,,,,,,,,,,,,,,,,,,TRUE,
FLOW_W1_DISCLOSURE,B2_02,,CHA_SAM,누가 진실을 알아야 하는가,QST_W1_MAIN_03_DISCLOSURE,QSTEP_W1_MAIN_03_DISCLOSURE_01,PROGRESS,,,NARRATION,NARRATOR,"샘과 제이는 기술자와 생활 관리자를 차례로 찾아간다. 같은 설명을 반복하지만, 밖의 분위기는 평소와 크게 다르지 않다.",마지막 브리핑을 마친다.,B2_03,,,,,,,,,,,,,,,,DIRECT_CLICK,7,7,MORNING|AFTERNOON|EVENING,ONCE,150,AND,,,,,,,,,,,,,,,,,,,,TRUE,
FLOW_W1_DISCLOSURE,B2_03,,CHA_SAM,누가 진실을 알아야 하는가,QST_W1_MAIN_03_DISCLOSURE,QSTEP_W1_MAIN_03_DISCLOSURE_01,PROGRESS,,,DIALOGUE,PLAYER,“일단 우리가 준비할 수 있는 것부터 하자. 더 말할지는 그 다음에 결정해.”,결정을 확정한다.,,,,,,,,,,,,,,,EVT_W1_DISCLOSE_LIMITED,(6시간 경과 / 기술 XP +1 / 제한 공개),DIRECT_CLICK,7,7,MORNING|AFTERNOON|EVENING,ONCE,150,AND,,,,,,,,,,,,,,,,,,,,TRUE,
FLOW_W1_BEN_NAMES,N01,CHO_W1_BEN_NAMES,CHA_BENJAMIN,묘지를 함께 걷자고 말한다,QST_CHAR_BENJAMIN,QSTEP_CHAR_BENJAMIN_01_NAMES,PROGRESS,,,NARRATION,NARRATOR,벤자민은 먼저 말을 꺼내지 않는다. 몇몇 묘비 앞에서는 오히려 걸음을 더 늦춘다.,그 이름은 누구야?,N02,3,0,0,1,0,,,,,,,,,,,MENU_OPTION,2,6,MORNING|AFTERNOON|EVENING,ONCE,90,AND,,,,,,,,,NONE,0,AND,,,,,,,,,TRUE,
FLOW_W1_BEN_NAMES,N02,,CHA_BENJAMIN,묘지를 함께 걷자고 말한다,QST_CHAR_BENJAMIN,QSTEP_CHAR_BENJAMIN_01_NAMES,PROGRESS,,,DIALOGUE,CHA_BENJAMIN,“설명한다고 달라질 건 없어. 그래도… 기억하는 사람은 있어야겠지.”,같이 조금 더 걷는다.,,,,,,,CHA_BENJAMIN,1,,,,,,,EVT_W1_BEN_NAMES_DONE,(대인 XP +1 / 벤자민 호감도 +1),MENU_OPTION,2,6,MORNING|AFTERNOON|EVENING,ONCE,90,AND,,,,,,,,,,,,,,,,,,,,TRUE,
FLOW_W1_SAM_BURDEN,N01,CHO_W1_SAM_BURDEN,CHA_SAM,샘의 일을 하루 따라가 본다,QST_CHAR_SAM,QSTEP_CHAR_SAM_01_BURDEN,PROGRESS,,,NARRATION,NARRATOR,제이는 샘과 함께 사람들의 요구와 결정을 처리한다.,샘의 일을 돕는다,,4,0,0,1,0,CHA_SAM,1,,,,,,,EVT_W1_SAM_BURDEN_DONE,샘이 모든 선택에서 사람의 생사를 먼저 생각한다는 걸 보았다.,MENU_OPTION,2,6,MORNING|AFTERNOON|EVENING,ONCE,90,AND,,,,,,,,,NONE,0,AND,,,,,,,,,TRUE,
FLOW_W1_FAYE_SHIP,N01,CHO_W1_FAYE_SHIP,CHA_FAYE,수송선 정비 우선순위를 함께 본다,QST_CHAR_FAYE,QSTEP_CHAR_FAYE_01_SHIP,PROGRESS,,,NARRATION,NARRATOR,페이와 손상 구역을 돌아보며 어떤 부분이 생존과 출항에 중요한지 정리한다.,수송선 우선순위를 정리한다,,3,0,0,0,1,CHA_FAYE,1,,,,,,,EVT_W1_FAYE_SHIP_DONE,수송선 수리의 큰 우선순위를 이해했다.,MENU_OPTION,2,6,MORNING|AFTERNOON|EVENING,ONCE,90,AND,,,,,,,,,NONE,0,AND,,,,,,,,,TRUE,
FLOW_W1_JINA_RATIONS,N01,CHO_W1_JINA_RATIONS,CHA_JINA,배급 업무를 돕는다,QST_CHAR_JINA,QSTEP_CHAR_JINA_01_RATIONS,PROGRESS,,,NARRATION,NARRATOR,누구에게 무엇을 먼저 줄지 지나와 함께 결정한다.,배급 업무를 돕는다,,3,0,0,1,0,CHA_JINA,1,,,,,,,EVT_W1_JINA_RATIONS_DONE,자원을 나눈다는 일이 단순 계산이 아니라는 걸 알게 됐다.,MENU_OPTION,2,6,MORNING|AFTERNOON|EVENING,ONCE,80,AND,,,,,,,,,NONE,0,AND,,,,,,,,,TRUE,
FLOW_W1_DIYA_SETTLE,N01,CHO_W1_DIYA_SETTLE,CHA_DIYA,거주지를 함께 둘러본다,QST_CHAR_DIYA,QSTEP_CHAR_DIYA_01_SETTLEMENT,PROGRESS,,,NARRATION,NARRATOR,디야와 생활 공간을 돌며 사람들이 임시 거처를 바꾼 흔적을 기록한다.,거주지를 기록한다,,3,0,0,1,0,CHA_DIYA,1,,,,,,,EVT_W1_DIYA_SETTLE_DONE,이곳이 이미 누군가에게는 '사는 곳'이 되었다는 걸 보았다.,MENU_OPTION,2,6,MORNING|AFTERNOON|EVENING,ONCE,80,AND,,,,,,,,,NONE,0,AND,,,,,,,,,TRUE,
FLOW_W1_BOR_SKY,N01,CHO_W1_BOR_SKY,CHA_BORICHI,기상 관측을 돕는다,QST_CHAR_BORICHI,QSTEP_CHAR_BORICHI_01_SKY,PROGRESS,,,NARRATION,NARRATOR,보리치의 장비를 점검하고 최근 바람과 모래 이동 기록을 정리한다.,기상 관측을 돕는다,,3,0,0,0,1,CHA_BORICHI,1,,,,,,,EVT_W1_BOR_SKY_DONE,행성의 날씨를 읽는 기본 자료를 익혔다.,MENU_OPTION,2,6,MORNING|AFTERNOON|EVENING,ONCE,80,AND,,,,,,,,,NONE,0,AND,,,,,,,,,TRUE,
FLOW_W2_STORM_WARN,N01,CHO_W2_STORM_WARN,CHA_BORICHI,이상 기류를 함께 확인한다,QST_W2_MAIN_01_STORM_WARNING,QSTEP_W2_MAIN_01_STORM_WARNING_01,PROGRESS,,,DIALOGUE,CHA_BORICHI,"“이 정도 수치는 평소 편차로 보기 어려워. 문제는 규모보다도, 얼마나 오래 머무느냐야.”",지질 자료와 겹쳐 본다.,N02,3,0,0,0,1,,,,,,,,,,,MENU_OPTION,8,9,MORNING|AFTERNOON|EVENING,ONCE,120,AND,,,,,,,,,NONE,0,AND,,,,,,,,,TRUE,
FLOW_W2_STORM_WARN,N02,,CHA_BORICHI,이상 기류를 함께 확인한다,QST_W2_MAIN_01_STORM_WARNING,QSTEP_W2_MAIN_01_STORM_WARNING_01,PROGRESS,,,DIALOGUE,PLAYER,“퇴적 방향도 평소와 달라. 적어도 외부에서 버틸 폭풍은 아니야.”,샘에게 경고하자.,,,,,,,,,,,,,,,EVT_W2_STORM_CONFIRMED,(기술 XP +1 / 대형 모래폭풍 접근 확인),MENU_OPTION,8,9,MORNING|AFTERNOON|EVENING,ONCE,120,AND,,,,,,,,,,,,,,,,,,,,TRUE,
FLOW_W2_SHELTER,N01,CHO_W2_SHELTER,CHA_SAM,수송선 피난 계획을 확정한다,QST_W2_MAIN_02_SHELTER,QSTEP_W2_MAIN_02_SHELTER_01,PROGRESS,,,NARRATION,NARRATOR,"샘, 페이, 지나와 수용 인원과 필요한 기능을 하나씩 확인한다.",수송선을 피난처로 전환한다,,4,0,0,1,0,,,,,,,,,EVT_W2_SHELTER_DECIDED,수송선을 폭풍 기간의 공동 피난처로 쓰기로 결정했다.,MENU_OPTION,8,10,MORNING|AFTERNOON|EVENING,ONCE,120,AND,,,,,,,,,NONE,0,AND,,,,,,,,,TRUE,
FLOW_W2_EVAC_SORT,N01,CHO_W2_EVAC_SORT,OBJ_01_SETTLEMENT_BOARD,피난 물품을 분류한다,QST_W2_MAIN_03_EVAC_PREP,QSTEP_W2_MAIN_03_EVAC_PREP_01,PROGRESS,,,NARRATION,NARRATOR,세 시간을 써서 오늘 해야 할 피난 준비 작업을 마친다.,피난 물품을 분류한다,,3,0,1,0,0,,,,,STA_W2_EVAC_PROGRESS,ADD 1,,,,피난 준비도가 올라갔다.,MENU_OPTION,9,13,MORNING|AFTERNOON|EVENING,DAILY,100,AND,,,,,,,,,NONE,0,AND,,,,,,,,,TRUE,반복 가능한 Main 준비 행동. 하루 1회씩 STA_W2_EVAC_PROGRESS 증가.
FLOW_W2_EVAC_SHIP,N01,CHO_W2_EVAC_SHIP,OBJ_02_SHIP_CONSOLE,수송선 수용 공간을 정리한다,QST_W2_MAIN_03_EVAC_PREP,QSTEP_W2_MAIN_03_EVAC_PREP_01,PROGRESS,,,NARRATION,NARRATOR,세 시간을 써서 오늘 해야 할 피난 준비 작업을 마친다.,수용 공간을 정리한다,,3,0,0,0,1,,,,,STA_W2_EVAC_PROGRESS,ADD 1,,,,수송선 내부 준비가 진척됐다.,MENU_OPTION,9,13,MORNING|AFTERNOON|EVENING,DAILY,100,AND,,,,,,,,,NONE,0,AND,,,,,,,,,TRUE,반복 가능한 Main 준비 행동. 하루 1회씩 STA_W2_EVAC_PROGRESS 증가.
FLOW_W2_EVAC_WATER,N01,CHO_W2_EVAC_WATER,OBJ_04_OASIS_PUMP,식수를 수송선으로 옮긴다,QST_W2_MAIN_03_EVAC_PREP,QSTEP_W2_MAIN_03_EVAC_PREP_01,PROGRESS,,,NARRATION,NARRATOR,세 시간을 써서 오늘 해야 할 피난 준비 작업을 마친다.,식수를 옮긴다,,3,0,1,0,0,,,,,STA_W2_EVAC_PROGRESS,ADD 1,,,,필수 식수가 수송선으로 이동했다.,MENU_OPTION,9,13,MORNING|AFTERNOON|EVENING,DAILY,100,AND,,,,,,,,,NONE,0,AND,,,,,,,,,TRUE,반복 가능한 Main 준비 행동. 하루 1회씩 STA_W2_EVAC_PROGRESS 증가.
FLOW_W2_SEAL,N01,CHO_W2_SEAL,OBJ_02_SHIP_OUTER_PANEL,모두 들어왔는지 확인하고 출입구를 봉쇄한다,QST_W2_MAIN_04_SEAL_SHIP,QSTEP_W2_MAIN_04_SEAL_SHIP_01,PROGRESS,,,NARRATION,NARRATOR,마지막 인원과 장비를 확인하고 외부 출입구를 닫는다.,출입구를 봉쇄한다,,2,0,1,0,0,,,,,,,,,EVT_W2_SHIP_SEALED,모두가 수송선 안으로 들어왔다. 이제 폭풍이 지나갈 때까지 밖으로 나갈 수 없다.,DIRECT_CLICK,14,14,MORNING|AFTERNOON|EVENING,ONCE,160,AND,,,,,,,,,NONE,0,AND,,,,,,,,,TRUE,
FLOW_W2_BEN_GRAVE,N01,CHS_W2_BEN_GRAVE_PRESERVE,CHA_BENJAMIN,묘지를 어떻게 남길지 결정한다,QST_CHAR_BENJAMIN,QSTEP_CHAR_BENJAMIN_02_GRAVES,PROGRESS,,,NARRATION,NARRATOR,당장 피난 준비에 쓸 시간을 외부 시설 보존에 투자한다.,묘지 보강에 시간을 쓴다,,5,0,1,0,0,CHA_BENJAMIN,1,,,,,,,EVT_W2_BEN_GRAVE_PRESERVE,폭풍이 지나간 뒤 남을 가능성을 위해 시간을 썼다.,MENU_OPTION,9,13,MORNING|AFTERNOON|EVENING,ONCE,95,AND,STATE,STA_W2_PRESERVATION_OPEN,EQ,TRUE,,,,,NONE,0,AND,,,,,,,,,TRUE,
FLOW_W2_BEN_GRAVE,N01,CHS_W2_BEN_GRAVE_WITHDRAW,CHA_BENJAMIN,묘지를 어떻게 남길지 결정한다,QST_CHAR_BENJAMIN,QSTEP_CHAR_BENJAMIN_02_GRAVES,PROGRESS,,,NARRATION,NARRATOR,보존보다 피난과 수송선 준비를 우선한다.,기록만 회수하고 철수한다,,1,0,1,0,0,,,,,,,,,EVT_W2_BEN_GRAVE_WITHDRAW,외부를 지키는 대신 지금의 생존 준비에 더 집중했다.,MENU_OPTION,9,13,MORNING|AFTERNOON|EVENING,ONCE,95,AND,STATE,STA_W2_PRESERVATION_OPEN,EQ,TRUE,,,,,NONE,0,AND,,,,,,,,,TRUE,
FLOW_W2_DIYA_HOME,N01,CHS_W2_DIYA_HOME_PRESERVE,CHA_DIYA,거주지를 어떻게 남길지 결정한다,QST_CHAR_DIYA,QSTEP_CHAR_DIYA_02_HOME,PROGRESS,,,NARRATION,NARRATOR,당장 피난 준비에 쓸 시간을 외부 시설 보존에 투자한다.,거주지 구조물을 보강한다,,5,0,1,0,0,CHA_DIYA,1,,,,,,,EVT_W2_DIYA_HOME_PRESERVE,폭풍이 지나간 뒤 남을 가능성을 위해 시간을 썼다.,MENU_OPTION,9,13,MORNING|AFTERNOON|EVENING,ONCE,95,AND,STATE,STA_W2_PRESERVATION_OPEN,EQ,TRUE,,,,,NONE,0,AND,,,,,,,,,TRUE,
FLOW_W2_DIYA_HOME,N01,CHS_W2_DIYA_HOME_WITHDRAW,CHA_DIYA,거주지를 어떻게 남길지 결정한다,QST_CHAR_DIYA,QSTEP_CHAR_DIYA_02_HOME,PROGRESS,,,NARRATION,NARRATOR,보존보다 피난과 수송선 준비를 우선한다.,필수 기록만 챙기고 철수한다,,1,0,1,0,0,,,,,,,,,EVT_W2_DIYA_HOME_WITHDRAW,외부를 지키는 대신 지금의 생존 준비에 더 집중했다.,MENU_OPTION,9,13,MORNING|AFTERNOON|EVENING,ONCE,95,AND,STATE,STA_W2_PRESERVATION_OPEN,EQ,TRUE,,,,,NONE,0,AND,,,,,,,,,TRUE,
FLOW_W2_JINA_WATER,N01,CHS_W2_JINA_WATER_PRESERVE,CHA_JINA,수원과 비축수의 우선순위를 정한다,QST_CHAR_JINA,QSTEP_CHAR_JINA_02_WATER,PROGRESS,,,NARRATION,NARRATOR,당장 피난 준비에 쓸 시간을 외부 시설 보존에 투자한다.,펌프와 수원 설비를 방호한다,,5,0,1,0,0,CHA_JINA,1,,,,,,,EVT_W2_JINA_WATER_PRESERVE,폭풍이 지나간 뒤 남을 가능성을 위해 시간을 썼다.,MENU_OPTION,9,13,MORNING|AFTERNOON|EVENING,ONCE,95,AND,STATE,STA_W2_PRESERVATION_OPEN,EQ,TRUE,,,,,NONE,0,AND,,,,,,,,,TRUE,
FLOW_W2_JINA_WATER,N01,CHS_W2_JINA_WATER_WITHDRAW,CHA_JINA,수원과 비축수의 우선순위를 정한다,QST_CHAR_JINA,QSTEP_CHAR_JINA_02_WATER,PROGRESS,,,NARRATION,NARRATOR,보존보다 피난과 수송선 준비를 우선한다.,물을 최대한 수송선에 싣는다,,3,0,0,0,1,,,,,,,,,EVT_W2_JINA_WATER_WITHDRAW,외부를 지키는 대신 지금의 생존 준비에 더 집중했다.,MENU_OPTION,9,13,MORNING|AFTERNOON|EVENING,ONCE,95,AND,STATE,STA_W2_PRESERVATION_OPEN,EQ,TRUE,,,,,NONE,0,AND,,,,,,,,,TRUE,
FLOW_W2_FAYE_EQUIP,N01,CHS_W2_FAYE_EQUIP_PRESERVE,CHA_FAYE,외부 설비를 가져갈지 남길지 결정한다,QST_CHAR_FAYE,QSTEP_CHAR_FAYE_02_EQUIPMENT,PROGRESS,,,NARRATION,NARRATOR,당장 피난 준비에 쓸 시간을 외부 시설 보존에 투자한다.,외부 설비를 남길 수 있게 보강한다,,5,0,1,0,0,CHA_FAYE,1,,,,,,,EVT_W2_FAYE_EQUIP_PRESERVE,폭풍이 지나간 뒤 남을 가능성을 위해 시간을 썼다.,MENU_OPTION,9,13,MORNING|AFTERNOON|EVENING,ONCE,95,AND,STATE,STA_W2_PRESERVATION_OPEN,EQ,TRUE,,,,,NONE,0,AND,,,,,,,,,TRUE,
FLOW_W2_FAYE_EQUIP,N01,CHS_W2_FAYE_EQUIP_WITHDRAW,CHA_FAYE,외부 설비를 가져갈지 남길지 결정한다,QST_CHAR_FAYE,QSTEP_CHAR_FAYE_02_EQUIPMENT,PROGRESS,,,NARRATION,NARRATOR,보존보다 피난과 수송선 준비를 우선한다.,부품을 뜯어 수송선 안으로 가져간다,,3,0,0,0,1,,,,,,,,,EVT_W2_FAYE_EQUIP_WITHDRAW,외부를 지키는 대신 지금의 생존 준비에 더 집중했다.,MENU_OPTION,9,13,MORNING|AFTERNOON|EVENING,ONCE,95,AND,STATE,STA_W2_PRESERVATION_OPEN,EQ,TRUE,,,,,NONE,0,AND,,,,,,,,,TRUE,
FLOW_W2_SEEDS,N01,CHO_W2_SEEDS_KEEP,OBJ_01_SETTLEMENT_BOARD,씨앗과 재배 장비를 처리한다,QST_W2_SIDE_SEEDS,QSTEP_W2_SIDE_SEEDS_01,PROGRESS,,,NARRATION,NARRATOR,장기적으로 다시 재배할 수 있도록 씨앗과 핵심 장비를 따로 포장한다.,씨앗과 재배 장비를 보존한다,,3,0,1,0,0,,,,,,,,,EVT_W2_SEEDS_PRESERVED,당장 쓸 수 있는 물자는 줄었지만 미래의 재배 가능성을 남겼다.,MENU_OPTION,10,13,MORNING|AFTERNOON|EVENING,ONCE,80,AND,,,,,,,,,NONE,0,AND,,,,,,,,,TRUE,
FLOW_W2_SEEDS,N01,CHO_W2_SEEDS_USE,OBJ_01_SETTLEMENT_BOARD,씨앗과 재배 장비를 처리한다,QST_W2_SIDE_SEEDS,QSTEP_W2_SIDE_SEEDS_01,PROGRESS,,,NARRATION,NARRATOR,재배용 여유분을 줄이고 당장 먹고 버티는 데 쓸 수 있게 정리한다.,지금 필요한 물자로 전환한다,,2,0,1,0,0,,,,,,,,,EVT_W2_SEEDS_USED,미래 가능성 대신 현재 보급의 여유를 늘렸다.,MENU_OPTION,10,13,MORNING|AFTERNOON|EVENING,ONCE,80,AND,,,,,,,,,NONE,0,AND,,,,,,,,,TRUE,
FLOW_W2_LAST_OBS,N01,CHO_W2_LAST_OBS,CHA_BORICHI,폭풍 전 마지막 외부 관측을 한다,QST_CHAR_BORICHI,QSTEP_CHAR_BORICHI_02_LAST_OBSERVATION,PROGRESS,,,NARRATION,NARRATOR,위험이 커지기 전에 보리치와 외부에서 마지막 지형·기상 자료를 모은다.,폭풍 직전까지 관측한다,,4,0,0,0,2,,,,,,,,,EVT_W2_LAST_OBS_DONE,Week 3에 쓸 수 있는 폭풍 직전 기준 자료를 확보했다.,MENU_OPTION,12,13,MORNING|AFTERNOON|EVENING,ONCE,90,AND,STATE,STA_W2_PRESERVATION_OPEN,EQ,TRUE,,,,,NONE,0,AND,,,,,,,,,TRUE,
FLOW_W2_PERSONAL_ITEMS,N01,CHO_W2_ITEMS_STRICT,CHA_JINA,개인 물품 반입 기준을 정한다,QST_W2_SIDE_PERSONAL_ITEMS,QSTEP_W2_SIDE_PERSONAL_ITEMS_01,PROGRESS,,,NARRATION,NARRATOR,개인 물품을 최대한 줄여 수송선의 공간과 보급 여유를 확보한다.,필수품만 허용한다,,2,0,1,0,0,,,,,,,,,EVT_W2_ITEMS_STRICT,수송선은 효율적으로 채워졌지만 사람들에게 남은 불만도 생겼다.,MENU_OPTION,10,13,MORNING|AFTERNOON|EVENING,ONCE,80,AND,,,,,,,,,NONE,0,AND,,,,,,,,,TRUE,
FLOW_W2_PERSONAL_ITEMS,N01,CHO_W2_ITEMS_FLEX,CHA_JINA,개인 물품 반입 기준을 정한다,QST_W2_SIDE_PERSONAL_ITEMS,QSTEP_W2_SIDE_PERSONAL_ITEMS_01,PROGRESS,,,NARRATION,NARRATOR,각자에게 작은 범위의 개인 물품 공간을 허용하고 충돌을 조정한다.,일부 개인 물품을 허용한다,,3,0,0,1,0,,,,,,,,,EVT_W2_ITEMS_FLEX,조금 비효율적이지만 사람들은 자신이 가져온 삶의 흔적을 지킬 수 있게 됐다.,MENU_OPTION,10,13,MORNING|AFTERNOON|EVENING,ONCE,80,AND,,,,,,,,,NONE,0,AND,,,,,,,,,TRUE,
FLOW_W2_PRES_SETTLE,N01,CHO_W2_PRES_SETTLE,OBJ_01_SETTLEMENT_SHELTER,거주지 방풍막을 보강한다,,,NONE,,,NARRATION,NARRATOR,세 시간을 들여 폭풍 전에 한 번 더 보호 작업을 한다.,거주지 방풍막을 보강한다,,3,0,1,0,0,,,,,STA_PRESERVE_SETTLEMENT,ADD 1,,,,당장의 피난 준비 시간은 줄었지만 외부의 보존 가능성이 조금 올라갔다.,MENU_OPTION,10,13,MORNING|AFTERNOON|EVENING,DAILY,40,AND,STATE,STA_W2_PRESERVATION_OPEN,EQ,TRUE,,,,,NONE,0,AND,,,,,,,,,TRUE,정착 하드 엔딩용 선택적 시간 투자. 매일 1회 STA_PRESERVE_SETTLEMENT +1.
FLOW_W2_PRES_OASIS,N01,CHO_W2_PRES_OASIS,OBJ_04_OASIS_PUMP,오아시스 설비를 추가 보강한다,,,NONE,,,NARRATION,NARRATOR,세 시간을 들여 폭풍 전에 한 번 더 보호 작업을 한다.,오아시스 설비를 보강한다,,3,0,1,0,0,,,,,STA_PRESERVE_OASIS,ADD 1,,,,당장의 피난 준비 시간은 줄었지만 외부의 보존 가능성이 조금 올라갔다.,MENU_OPTION,10,13,MORNING|AFTERNOON|EVENING,DAILY,40,AND,STATE,STA_W2_PRESERVATION_OPEN,EQ,TRUE,,,,,NONE,0,AND,,,,,,,,,TRUE,정착 하드 엔딩용 선택적 시간 투자. 매일 1회 STA_PRESERVE_OASIS +1.
FLOW_W2_PRES_GRAVE,N01,CHO_W2_PRES_GRAVE,OBJ_03_GRAVE_BARRIER,묘지 방풍막을 보강한다,,,NONE,,,NARRATION,NARRATOR,세 시간을 들여 폭풍 전에 한 번 더 보호 작업을 한다.,묘지 방풍막을 보강한다,,3,0,1,0,0,,,,,STA_PRESERVE_GRAVEYARD,ADD 1,,,,당장의 피난 준비 시간은 줄었지만 외부의 보존 가능성이 조금 올라갔다.,MENU_OPTION,10,13,MORNING|AFTERNOON|EVENING,DAILY,40,AND,STATE,STA_W2_PRESERVATION_OPEN,EQ,TRUE,,,,,NONE,0,AND,,,,,,,,,TRUE,정착 하드 엔딩용 선택적 시간 투자. 매일 1회 STA_PRESERVE_GRAVEYARD +1.
FLOW_W2_PRES_SHIP,N01,CHO_W2_PRES_SHIP,OBJ_02_SHIP_OUTER_PANEL,수송선 외부 구조를 보강한다,,,NONE,,,NARRATION,NARRATOR,세 시간을 들여 폭풍 전에 한 번 더 보호 작업을 한다.,수송선 외부 구조를 보강한다,,3,0,1,0,0,,,,,STA_PRESERVE_SHIP,ADD 1,,,,당장의 피난 준비 시간은 줄었지만 외부의 보존 가능성이 조금 올라갔다.,MENU_OPTION,10,13,MORNING|AFTERNOON|EVENING,DAILY,40,AND,STATE,STA_W2_PRESERVATION_OPEN,EQ,TRUE,,,,,NONE,0,AND,,,,,,,,,TRUE,정착 하드 엔딩용 선택적 시간 투자. 매일 1회 STA_PRESERVE_SHIP +1.
FLOW_W3_REST,N01,CHO_BASIC_REST,OBJ_08_BUNK,3시간 쉰다,,,NONE,,,NARRATION,NARRATOR,몸을 눕히고 일정 시간 모든 일을 내려놓는다.,쉰다,,3,1,0,0,0,,,,,,,,,,조금 숨을 돌렸다.,MENU_OPTION,15,21,MORNING|AFTERNOON|EVENING,UNLIMITED,20,AND,,,,,,,,,NONE,0,AND,,,,,,,,,TRUE,Week3 휴식.
FLOW_W3_DAILY_NAV,N01,CHO_W3_DAILY_NAV,OBJ_05_COMMAND_TABLE,항해·통신 계통을 점검한다,,,NONE,,,NARRATION,NARRATOR,두 시간을 써서 오늘의 주요 문제를 하나 정리한다.,항해·통신 계통을 점검한다,,2,0,0,0,1,,,,,STA_W3_NAV_STABILITY,ADD 1,,,,해당 구역의 안정도가 조금 올라갔다.,MENU_OPTION,15,21,MORNING|AFTERNOON|EVENING,DAILY,30,AND,,,,,,,,,NONE,0,AND,,,,,,,,,TRUE,Week3 4개 구역 관리 평가용 반복 행동.
FLOW_W3_DAILY_SUPPLY,N01,CHO_W3_DAILY_SUPPLY,OBJ_06_SUPPLY_STORAGE,물자와 생명유지 배분을 정리한다,,,NONE,,,NARRATION,NARRATOR,두 시간을 써서 오늘의 주요 문제를 하나 정리한다.,보급과 생명유지를 재정리한다,,2,0,1,0,0,,,,,STA_W3_SUPPLY_STABILITY,ADD 1,,,,해당 구역의 안정도가 조금 올라갔다.,MENU_OPTION,15,21,MORNING|AFTERNOON|EVENING,DAILY,30,AND,,,,,,,,,NONE,0,AND,,,,,,,,,TRUE,Week3 4개 구역 관리 평가용 반복 행동.
FLOW_W3_DAILY_TECH,N01,CHO_W3_DAILY_TECH,OBJ_07_MAINTENANCE,기관·연구 시스템을 정비한다,,,NONE,,,NARRATION,NARRATOR,두 시간을 써서 오늘의 주요 문제를 하나 정리한다.,기관·연구 시스템을 정비한다,,2,0,0,0,1,,,,,STA_W3_TECH_STABILITY,ADD 1,,,,해당 구역의 안정도가 조금 올라갔다.,MENU_OPTION,15,21,MORNING|AFTERNOON|EVENING,DAILY,30,AND,,,,,,,,,NONE,0,AND,,,,,,,,,TRUE,Week3 4개 구역 관리 평가용 반복 행동.
FLOW_W3_DAILY_HABIT,N01,CHO_W3_DAILY_HABIT,OBJ_08_COMMON_TABLE,거주 구역 문제를 정리한다,,,NONE,,,NARRATION,NARRATOR,두 시간을 써서 오늘의 주요 문제를 하나 정리한다.,거주 구역 문제를 처리한다,,2,0,0,1,0,,,,,STA_W3_HABIT_STABILITY,ADD 1,,,,해당 구역의 안정도가 조금 올라갔다.,MENU_OPTION,15,21,MORNING|AFTERNOON|EVENING,DAILY,30,AND,,,,,,,,,NONE,0,AND,,,,,,,,,TRUE,Week3 4개 구역 관리 평가용 반복 행동.
FLOW_W3_CHAOS_SAM,N01,CHO_W3_CHAOS,CHA_SAM,첫날의 혼란을 정리한다,QST_W3_MAIN_01_CHAOS,QSTEP_W3_MAIN_01_CHAOS_01,PROGRESS,,,NARRATION,NARRATOR,샘과 함께 각 구역의 보고를 모아 무엇이 실제 문제인지 정리한다.,네 구역의 상태를 정리한다,,2,0,0,1,0,,,,,,,,,EVT_W3_CHAOS_STABILIZED,첫날의 혼란이 최소한의 질서를 되찾았다.,MENU_OPTION,15,16,MORNING|AFTERNOON|EVENING,ONCE,120,AND,,,,,,,,,NONE,0,AND,,,,,,,,,TRUE,
FLOW_W3_ANALYSIS_DAILY,N01,CHO_W3_ANALYSIS_DAILY,OBJ_07_ANALYSIS,폭풍 관측 자료를 추가로 분석한다,QST_W3_MAIN_02_STORM_ANALYSIS,QSTEP_W3_MAIN_02_STORM_ANALYSIS_01,PROGRESS,,,NARRATION,NARRATOR,보리치의 기상 기록과 제이의 지질 모델을 한 번 더 갱신한다.,오늘의 관측 자료를 분석한다,,3,0,0,0,1,,,,,STA_W3_OBSERVATION_PROGRESS,ADD 1,,,,폭풍 구조에 대한 분석이 한 단계 진척됐다.,MENU_OPTION,15,19,MORNING|AFTERNOON|EVENING,DAILY,120,AND,,,,,,,,,NONE,0,AND,,,,,,,,,TRUE,진행도 3 전까지 매일 1회 가능.
FLOW_W3_ANALYSIS_MODEL,N01,CHO_W3_MODEL_PRE_DATA,OBJ_07_ANALYSIS,지질·기상 모델을 완성한다,QST_W3_MAIN_02_STORM_ANALYSIS,QSTEP_W3_MAIN_02_STORM_ANALYSIS_02,PROGRESS,,,NARRATION,NARRATOR,폭풍 직전 외부에서 확보한 자료와 현재 관측을 빠르게 겹친다.,폭풍 전 자료를 기준점으로 삼는다,,2,0,0,0,2,,,,,,,,,EVT_W3_FORECAST_READY,이전 기준점 덕분에 피해와 종료 시점 계산을 빠르게 마쳤다.,MENU_OPTION,16,20,MORNING|AFTERNOON|EVENING,ONCE,130,AND,,,,,,,,,NONE,0,AND,STATE,STA_W3_PRE_STORM_DATA,EQ,TRUE,,,,,TRUE,
FLOW_W3_ANALYSIS_MODEL,N01,CHO_W3_MODEL_FROM_SCRATCH,OBJ_07_ANALYSIS,지질·기상 모델을 완성한다,QST_W3_MAIN_02_STORM_ANALYSIS,QSTEP_W3_MAIN_02_STORM_ANALYSIS_02,PROGRESS,,,NARRATION,NARRATOR,기준 자료가 부족해 지질과 기상 데이터를 처음부터 다시 맞춘다.,현재 자료로 처음부터 재구성한다,,5,0,0,0,2,,,,,,,,,EVT_W3_FORECAST_READY,시간은 더 들었지만 폭풍의 피해 범위와 종료 시점을 계산했다.,MENU_OPTION,16,20,MORNING|AFTERNOON|EVENING,ONCE,130,AND,,,,,,,,,NONE,0,AND,,,,,,,,,TRUE,
FLOW_W3_FORECAST,N01,CHO_W3_FORECAST,CHA_SAM,폭풍 종료 예측을 공동체에 발표한다,QST_W3_MAIN_03_FORECAST,QSTEP_W3_MAIN_03_FORECAST_01,PROGRESS,,,NARRATION,NARRATOR,사람들을 모으고 Day 21 무렵 폭풍이 끝날 가능성과 예상 피해를 설명한다.,사람들에게 종료 예측을 발표한다,,4,0,0,2,0,,,,,,,,,EVT_W3_FORECAST_ANNOUNCED,처음으로 모두가 '폭풍 뒤'를 구체적으로 이야기하기 시작했다.,MENU_OPTION,17,20,MORNING|AFTERNOON|EVENING,ONCE,140,AND,,,,,,,,,NONE,0,AND,,,,,,,,,TRUE,
FLOW_W3_DAY21,N01,CHO_W3_DAY21,OBJ_05_AIRLOCK,폭풍이 그친 밖으로 나간다,QST_W3_MAIN_05_DAY21,QSTEP_W3_MAIN_05_DAY21_01,PROGRESS,,,NARRATION,NARRATOR,외부 안전을 확인하고 수송선 밖으로 나가 21일 동안 지켜낸 장소들을 직접 본다.,문을 열고 밖으로 나간다,,2,0,0,0,0,,,,,,,,,EVT_W3_OUTSIDE_ASSESSED,폭풍 뒤의 행성은 플레이어의 이전 선택을 그대로 보여준다.,DIRECT_CLICK,21,21,MORNING|AFTERNOON|EVENING,ONCE,170,AND,,,,,,,,,NONE,0,AND,,,,,,,,,TRUE,
FLOW_W3_FUTURE_SAM_CHAR,N01,CHO_W3_SAM_LEAVE,CHA_SAM,폭풍 뒤의 삶에 대해 이야기한다,QST_CHAR_SAM,QSTEP_CHAR_SAM_02_FUTURE,PROGRESS,,,NARRATION,NARRATOR,제이는 아직 남아 있는 위험과 사람들의 생존 책임을 강조한다.,안전을 우선해 떠날 준비를 하자,,2,0,0,1,0,,,,,,,,,EVT_W3_SAM_LEAVE,샘은 출항 가능한 수송선을 놓치지 말아야 한다는 쪽으로 생각을 굳힌다.,MENU_OPTION,18,20,MORNING|AFTERNOON|EVENING,ONCE,110,AND,STATE,STA_W3_FUTURE_TALKS_OPEN,EQ,TRUE,,,,,NONE,0,AND,,,,,,,,,TRUE,v1.6 Character 장기 퀘스트 최종 단계.
FLOW_W3_FUTURE_SAM_MAIN,N01,CHO_W3_SAM_LEAVE,CHA_SAM,폭풍 뒤의 삶에 대해 이야기한다,QST_W3_MAIN_04_FUTURE,QSTEP_W3_MAIN_04_FUTURE_01,PROGRESS,,,NARRATION,NARRATOR,제이는 아직 남아 있는 위험과 사람들의 생존 책임을 강조한다.,안전을 우선해 떠날 준비를 하자,,2,0,0,1,0,,,,,,,,,EVT_W3_SAM_LEAVE,샘은 출항 가능한 수송선을 놓치지 말아야 한다는 쪽으로 생각을 굳힌다.,MENU_OPTION,18,20,MORNING|AFTERNOON|EVENING,ONCE,110,AND,STATE,STA_W3_FUTURE_TALKS_OPEN,EQ,TRUE,QUEST_STATUS,QST_CHAR_SAM,EQ,LOCKED,NONE,0,AND,,,,,,,,,TRUE,v1.6 Character Quest 미수락 플레이어용 Main 미래 대화 fallback.
FLOW_W3_FUTURE_SAM_CHAR,N01,CHO_W3_SAM_STAY,CHA_SAM,폭풍 뒤의 삶에 대해 이야기한다,QST_CHAR_SAM,QSTEP_CHAR_SAM_02_FUTURE,PROGRESS,,,NARRATION,NARRATOR,"제이는 안전을 무시하지 않되, 살아남은 행성 기반도 판단 대상에 넣자고 설득한다.",남을 가능성도 끝까지 계산하자,,3,0,0,2,0,,,,,,,,,EVT_W3_SAM_STAY,샘은 정착 가능성을 배제하지 않고 최종 상태를 본 뒤 결정하기로 한다.,MENU_OPTION,18,20,MORNING|AFTERNOON|EVENING,ONCE,110,AND,STATE,STA_W3_FUTURE_TALKS_OPEN,EQ,TRUE,,,,,SOCIAL,4,AND,,,,,,,,,TRUE,v1.6 Character 장기 퀘스트 최종 단계.
FLOW_W3_FUTURE_SAM_MAIN,N01,CHO_W3_SAM_STAY,CHA_SAM,폭풍 뒤의 삶에 대해 이야기한다,QST_W3_MAIN_04_FUTURE,QSTEP_W3_MAIN_04_FUTURE_01,PROGRESS,,,NARRATION,NARRATOR,"제이는 안전을 무시하지 않되, 살아남은 행성 기반도 판단 대상에 넣자고 설득한다.",남을 가능성도 끝까지 계산하자,,3,0,0,2,0,,,,,,,,,EVT_W3_SAM_STAY,샘은 정착 가능성을 배제하지 않고 최종 상태를 본 뒤 결정하기로 한다.,MENU_OPTION,18,20,MORNING|AFTERNOON|EVENING,ONCE,110,AND,STATE,STA_W3_FUTURE_TALKS_OPEN,EQ,TRUE,QUEST_STATUS,QST_CHAR_SAM,EQ,LOCKED,SOCIAL,4,AND,,,,,,,,,TRUE,v1.6 Character Quest 미수락 플레이어용 Main 미래 대화 fallback.
FLOW_W3_FUTURE_JINA_CHAR,N01,CHO_W3_JINA_LEAVE,CHA_JINA,폭풍 뒤의 삶에 대해 이야기한다,QST_CHAR_JINA,QSTEP_CHAR_JINA_03_FUTURE,PROGRESS,,,NARRATION,NARRATOR,제이는 남은 식량과 물이 출항 준비를 버틸 수 있을 때 움직여야 한다고 말한다.,비축이 남아 있을 때 떠나야 한다,,2,0,0,1,0,,,,,,,,,EVT_W3_JINA_LEAVE,지나는 떠나는 쪽이 더 책임 있는 선택이라고 본다.,MENU_OPTION,18,20,MORNING|AFTERNOON|EVENING,ONCE,110,AND,STATE,STA_W3_FUTURE_TALKS_OPEN,EQ,TRUE,,,,,NONE,0,AND,,,,,,,,,TRUE,v1.6 Character 장기 퀘스트 최종 단계.
FLOW_W3_FUTURE_JINA_MAIN,N01,CHO_W3_JINA_LEAVE,CHA_JINA,폭풍 뒤의 삶에 대해 이야기한다,QST_W3_MAIN_04_FUTURE,QSTEP_W3_MAIN_04_FUTURE_01,PROGRESS,,,NARRATION,NARRATOR,제이는 남은 식량과 물이 출항 준비를 버틸 수 있을 때 움직여야 한다고 말한다.,비축이 남아 있을 때 떠나야 한다,,2,0,0,1,0,,,,,,,,,EVT_W3_JINA_LEAVE,지나는 떠나는 쪽이 더 책임 있는 선택이라고 본다.,MENU_OPTION,18,20,MORNING|AFTERNOON|EVENING,ONCE,110,AND,STATE,STA_W3_FUTURE_TALKS_OPEN,EQ,TRUE,QUEST_STATUS,QST_CHAR_JINA,EQ,LOCKED,NONE,0,AND,,,,,,,,,TRUE,v1.6 Character Quest 미수락 플레이어용 Main 미래 대화 fallback.
FLOW_W3_FUTURE_JINA_CHAR,N01,CHO_W3_JINA_STAY,CHA_JINA,폭풍 뒤의 삶에 대해 이야기한다,QST_CHAR_JINA,QSTEP_CHAR_JINA_03_FUTURE,PROGRESS,,,NARRATION,NARRATOR,제이는 거주지와 오아시스가 모두 살아 있다면 자원 계산 자체가 달라진다고 지적한다.,밖의 생활 기반이 남아 있다면 다시 계산하자,,3,0,0,2,0,,,,,,,,,EVT_W3_JINA_STAY,지나는 실제 보존 상태를 확인한다면 정착을 다시 계산하겠다고 한다.,MENU_OPTION,18,20,MORNING|AFTERNOON|EVENING,ONCE,110,AND,STATE,STA_W3_FUTURE_TALKS_OPEN,EQ,TRUE,,,,,NONE,0,AND,STATE,STA_PRESERVE_SETTLEMENT,GE,2,STATE,STA_PRESERVE_OASIS,GE,2,TRUE,v1.6 Character 장기 퀘스트 최종 단계.
FLOW_W3_FUTURE_JINA_MAIN,N01,CHO_W3_JINA_STAY,CHA_JINA,폭풍 뒤의 삶에 대해 이야기한다,QST_W3_MAIN_04_FUTURE,QSTEP_W3_MAIN_04_FUTURE_01,PROGRESS,,,NARRATION,NARRATOR,제이는 거주지와 오아시스가 모두 살아 있다면 자원 계산 자체가 달라진다고 지적한다.,밖의 생활 기반이 남아 있다면 다시 계산하자,,3,0,0,2,0,,,,,,,,,EVT_W3_JINA_STAY,지나는 실제 보존 상태를 확인한다면 정착을 다시 계산하겠다고 한다.,MENU_OPTION,18,20,MORNING|AFTERNOON|EVENING,ONCE,110,AND,STATE,STA_W3_FUTURE_TALKS_OPEN,EQ,TRUE,QUEST_STATUS,QST_CHAR_JINA,EQ,LOCKED,NONE,0,AND,STATE,STA_PRESERVE_SETTLEMENT,GE,2,STATE,STA_PRESERVE_OASIS,GE,2,TRUE,v1.6 Character Quest 미수락 플레이어용 Main 미래 대화 fallback.
FLOW_W3_FUTURE_FAYE_CHAR,N01,CHO_W3_FAYE_LEAVE,CHA_FAYE,폭풍 뒤의 삶에 대해 이야기한다,QST_CHAR_FAYE,QSTEP_CHAR_FAYE_03_FUTURE,PROGRESS,,,NARRATION,NARRATOR,제이는 지금까지 수송선을 살린 이유를 출항 가능성으로 연결한다.,살린 배를 떠나는 데 쓰자,,2,0,0,0,1,,,,,,,,,EVT_W3_FAYE_LEAVE,페이는 기술적으로 가능한 출항을 우선하는 쪽에 선다.,MENU_OPTION,18,20,MORNING|AFTERNOON|EVENING,ONCE,110,AND,STATE,STA_W3_FUTURE_TALKS_OPEN,EQ,TRUE,,,,,NONE,0,AND,,,,,,,,,TRUE,v1.6 Character 장기 퀘스트 최종 단계.
FLOW_W3_FUTURE_FAYE_MAIN,N01,CHO_W3_FAYE_LEAVE,CHA_FAYE,폭풍 뒤의 삶에 대해 이야기한다,QST_W3_MAIN_04_FUTURE,QSTEP_W3_MAIN_04_FUTURE_01,PROGRESS,,,NARRATION,NARRATOR,제이는 지금까지 수송선을 살린 이유를 출항 가능성으로 연결한다.,살린 배를 떠나는 데 쓰자,,2,0,0,0,1,,,,,,,,,EVT_W3_FAYE_LEAVE,페이는 기술적으로 가능한 출항을 우선하는 쪽에 선다.,MENU_OPTION,18,20,MORNING|AFTERNOON|EVENING,ONCE,110,AND,STATE,STA_W3_FUTURE_TALKS_OPEN,EQ,TRUE,QUEST_STATUS,QST_CHAR_FAYE,EQ,LOCKED,NONE,0,AND,,,,,,,,,TRUE,v1.6 Character Quest 미수락 플레이어용 Main 미래 대화 fallback.
FLOW_W3_FUTURE_FAYE_CHAR,N01,CHO_W3_FAYE_STAY,CHA_FAYE,폭풍 뒤의 삶에 대해 이야기한다,QST_CHAR_FAYE,QSTEP_CHAR_FAYE_03_FUTURE,PROGRESS,,,NARRATION,NARRATOR,제이는 수송선 외부 구조와 내부 기술 시스템이 모두 버텼다면 정착도 기술적 선택이 된다고 말한다.,외부 설비까지 살아 있다면 여기서 다시 만들 수 있다,,3,0,0,0,2,,,,,,,,,EVT_W3_FAYE_STAY,페이는 복구 가능한 기술 기반이 실제로 남았다면 정착을 검토하겠다고 한다.,MENU_OPTION,18,20,MORNING|AFTERNOON|EVENING,ONCE,110,AND,STATE,STA_W3_FUTURE_TALKS_OPEN,EQ,TRUE,,,,,NONE,0,AND,STATE,STA_PRESERVE_SHIP,GE,2,STATE,STA_W3_TECH_STABILITY,GE,3,TRUE,v1.6 Character 장기 퀘스트 최종 단계.
FLOW_W3_FUTURE_FAYE_MAIN,N01,CHO_W3_FAYE_STAY,CHA_FAYE,폭풍 뒤의 삶에 대해 이야기한다,QST_W3_MAIN_04_FUTURE,QSTEP_W3_MAIN_04_FUTURE_01,PROGRESS,,,NARRATION,NARRATOR,제이는 수송선 외부 구조와 내부 기술 시스템이 모두 버텼다면 정착도 기술적 선택이 된다고 말한다.,외부 설비까지 살아 있다면 여기서 다시 만들 수 있다,,3,0,0,0,2,,,,,,,,,EVT_W3_FAYE_STAY,페이는 복구 가능한 기술 기반이 실제로 남았다면 정착을 검토하겠다고 한다.,MENU_OPTION,18,20,MORNING|AFTERNOON|EVENING,ONCE,110,AND,STATE,STA_W3_FUTURE_TALKS_OPEN,EQ,TRUE,QUEST_STATUS,QST_CHAR_FAYE,EQ,LOCKED,NONE,0,AND,STATE,STA_PRESERVE_SHIP,GE,2,STATE,STA_W3_TECH_STABILITY,GE,3,TRUE,v1.6 Character Quest 미수락 플레이어용 Main 미래 대화 fallback.
FLOW_W3_FUTURE_BEN_CHAR,N01,CHO_W3_BEN_STAY,CHA_BENJAMIN,폭풍 뒤의 삶에 대해 이야기한다,QST_CHAR_BENJAMIN,QSTEP_CHAR_BENJAMIN_03_FUTURE,PROGRESS,,,NARRATION,NARRATOR,제이는 벤자민이 이 행성을 떠나고 싶지 않은 이유를 굳이 고치려 하지 않는다.,남고 싶다는 마음을 부정하지 않는다,,2,0,0,1,0,CHA_BENJAMIN,1,,,,,,,EVT_W3_BEN_STAY,벤자민은 남는 쪽의 입장을 유지한다.,MENU_OPTION,18,20,MORNING|AFTERNOON|EVENING,ONCE,110,AND,STATE,STA_W3_FUTURE_TALKS_OPEN,EQ,TRUE,,,,,NONE,0,AND,,,,,,,,,TRUE,v1.6 Character 장기 퀘스트 최종 단계.
FLOW_W3_FUTURE_BEN_MAIN,N01,CHO_W3_BEN_STAY,CHA_BENJAMIN,폭풍 뒤의 삶에 대해 이야기한다,QST_W3_MAIN_04_FUTURE,QSTEP_W3_MAIN_04_FUTURE_01,PROGRESS,,,NARRATION,NARRATOR,제이는 벤자민이 이 행성을 떠나고 싶지 않은 이유를 굳이 고치려 하지 않는다.,남고 싶다는 마음을 부정하지 않는다,,2,0,0,1,0,CHA_BENJAMIN,1,,,,,,,EVT_W3_BEN_STAY,벤자민은 남는 쪽의 입장을 유지한다.,MENU_OPTION,18,20,MORNING|AFTERNOON|EVENING,ONCE,110,AND,STATE,STA_W3_FUTURE_TALKS_OPEN,EQ,TRUE,QUEST_STATUS,QST_CHAR_BENJAMIN,EQ,LOCKED,NONE,0,AND,,,,,,,,,TRUE,v1.6 Character Quest 미수락 플레이어용 Main 미래 대화 fallback.
FLOW_W3_FUTURE_BEN_CHAR,N01,CHO_W3_BEN_LEAVE,CHA_BENJAMIN,폭풍 뒤의 삶에 대해 이야기한다,QST_CHAR_BENJAMIN,QSTEP_CHAR_BENJAMIN_03_FUTURE,PROGRESS,,,NARRATION,NARRATOR,제이는 기억을 버리는 것과 장소를 떠나는 것은 같은 일이 아니라고 설득한다.,죽은 사람 때문에 산 사람까지 남을 필요는 없다고 말한다,,3,0,0,2,0,,,,,,,,,EVT_W3_BEN_LEAVE,벤자민은 떠나는 선택도 배신이 아닐 수 있다고 처음 인정한다.,MENU_OPTION,18,20,MORNING|AFTERNOON|EVENING,ONCE,110,AND,STATE,STA_W3_FUTURE_TALKS_OPEN,EQ,TRUE,,,,,SOCIAL,4,AND,,,,,,,,,TRUE,v1.6 Character 장기 퀘스트 최종 단계.
FLOW_W3_FUTURE_BEN_MAIN,N01,CHO_W3_BEN_LEAVE,CHA_BENJAMIN,폭풍 뒤의 삶에 대해 이야기한다,QST_W3_MAIN_04_FUTURE,QSTEP_W3_MAIN_04_FUTURE_01,PROGRESS,,,NARRATION,NARRATOR,제이는 기억을 버리는 것과 장소를 떠나는 것은 같은 일이 아니라고 설득한다.,죽은 사람 때문에 산 사람까지 남을 필요는 없다고 말한다,,3,0,0,2,0,,,,,,,,,EVT_W3_BEN_LEAVE,벤자민은 떠나는 선택도 배신이 아닐 수 있다고 처음 인정한다.,MENU_OPTION,18,20,MORNING|AFTERNOON|EVENING,ONCE,110,AND,STATE,STA_W3_FUTURE_TALKS_OPEN,EQ,TRUE,QUEST_STATUS,QST_CHAR_BENJAMIN,EQ,LOCKED,SOCIAL,4,AND,,,,,,,,,TRUE,v1.6 Character Quest 미수락 플레이어용 Main 미래 대화 fallback.
FLOW_W3_FUTURE_BOR_CHAR,N01,CHO_W3_BOR_LEAVE,CHA_BORICHI,폭풍 뒤의 삶에 대해 이야기한다,QST_CHAR_BORICHI,QSTEP_CHAR_BORICHI_03_FUTURE,PROGRESS,,,NARRATION,NARRATOR,제이는 또 다른 재난에서 사람을 잃지 않기 위해 출항을 준비하자고 말한다.,이번에는 안전한 곳으로 떠나자,,2,0,0,1,0,,,,,,,,,EVT_W3_BOR_LEAVE,보리치는 떠나는 쪽을 지지한다.,MENU_OPTION,18,20,MORNING|AFTERNOON|EVENING,ONCE,110,AND,STATE,STA_W3_FUTURE_TALKS_OPEN,EQ,TRUE,,,,,NONE,0,AND,,,,,,,,,TRUE,v1.6 Character 장기 퀘스트 최종 단계.
FLOW_W3_FUTURE_BOR_MAIN,N01,CHO_W3_BOR_LEAVE,CHA_BORICHI,폭풍 뒤의 삶에 대해 이야기한다,QST_W3_MAIN_04_FUTURE,QSTEP_W3_MAIN_04_FUTURE_01,PROGRESS,,,NARRATION,NARRATOR,제이는 또 다른 재난에서 사람을 잃지 않기 위해 출항을 준비하자고 말한다.,이번에는 안전한 곳으로 떠나자,,2,0,0,1,0,,,,,,,,,EVT_W3_BOR_LEAVE,보리치는 떠나는 쪽을 지지한다.,MENU_OPTION,18,20,MORNING|AFTERNOON|EVENING,ONCE,110,AND,STATE,STA_W3_FUTURE_TALKS_OPEN,EQ,TRUE,QUEST_STATUS,QST_CHAR_BORICHI,EQ,LOCKED,NONE,0,AND,,,,,,,,,TRUE,v1.6 Character Quest 미수락 플레이어용 Main 미래 대화 fallback.
FLOW_W3_FUTURE_BOR_CHAR,N01,CHO_W3_BOR_STAY,CHA_BORICHI,폭풍 뒤의 삶에 대해 이야기한다,QST_CHAR_BORICHI,QSTEP_CHAR_BORICHI_03_FUTURE,PROGRESS,,,NARRATION,NARRATOR,제이는 관측과 보존 상태가 충분하다면 무모한 정착이 아니라 관리 가능한 위험일 수 있다고 말한다.,이번 폭풍을 이해한 만큼 다음 위험도 계산할 수 있다,,3,0,0,0,1,,,,,,,,,EVT_W3_BOR_STAY,보리치는 실제 환경 상태를 확인한 뒤 정착 가능성을 인정하기로 한다.,MENU_OPTION,18,20,MORNING|AFTERNOON|EVENING,ONCE,110,AND,STATE,STA_W3_FUTURE_TALKS_OPEN,EQ,TRUE,,,,,NONE,0,AND,STATE,STA_PRESERVE_OASIS,GE,2,STATE,STA_W3_OBSERVATION_PROGRESS,GE,3,TRUE,v1.6 Character 장기 퀘스트 최종 단계.
FLOW_W3_FUTURE_BOR_MAIN,N01,CHO_W3_BOR_STAY,CHA_BORICHI,폭풍 뒤의 삶에 대해 이야기한다,QST_W3_MAIN_04_FUTURE,QSTEP_W3_MAIN_04_FUTURE_01,PROGRESS,,,NARRATION,NARRATOR,제이는 관측과 보존 상태가 충분하다면 무모한 정착이 아니라 관리 가능한 위험일 수 있다고 말한다.,이번 폭풍을 이해한 만큼 다음 위험도 계산할 수 있다,,3,0,0,0,1,,,,,,,,,EVT_W3_BOR_STAY,보리치는 실제 환경 상태를 확인한 뒤 정착 가능성을 인정하기로 한다.,MENU_OPTION,18,20,MORNING|AFTERNOON|EVENING,ONCE,110,AND,STATE,STA_W3_FUTURE_TALKS_OPEN,EQ,TRUE,QUEST_STATUS,QST_CHAR_BORICHI,EQ,LOCKED,NONE,0,AND,STATE,STA_PRESERVE_OASIS,GE,2,STATE,STA_W3_OBSERVATION_PROGRESS,GE,3,TRUE,v1.6 Character Quest 미수락 플레이어용 Main 미래 대화 fallback.
FLOW_W3_FUTURE_DIYA_CHAR,N01,CHO_W3_DIYA_STAY,CHA_DIYA,폭풍 뒤의 삶에 대해 이야기한다,QST_CHAR_DIYA,QSTEP_CHAR_DIYA_03_FUTURE,PROGRESS,,,NARRATION,NARRATOR,제이는 폭풍을 견딘 생활 공간과 씨앗이 있다면 이곳은 다시 시작할 수 있는 장소라고 말한다.,지켜낸 공간을 공동체의 기반으로 삼자,,3,0,0,2,0,,,,,,,,,EVT_W3_DIYA_STAY,디야는 남는 쪽의 입장을 강화한다.,MENU_OPTION,18,20,MORNING|AFTERNOON|EVENING,ONCE,110,AND,STATE,STA_W3_FUTURE_TALKS_OPEN,EQ,TRUE,,,,,NONE,0,AND,STATE,STA_PRESERVE_SETTLEMENT,GE,2,STATE,STA_W2_SEEDS_PRESERVED,EQ,TRUE,TRUE,v1.6 Character 장기 퀘스트 최종 단계.
FLOW_W3_FUTURE_DIYA_MAIN,N01,CHO_W3_DIYA_STAY,CHA_DIYA,폭풍 뒤의 삶에 대해 이야기한다,QST_W3_MAIN_04_FUTURE,QSTEP_W3_MAIN_04_FUTURE_01,PROGRESS,,,NARRATION,NARRATOR,제이는 폭풍을 견딘 생활 공간과 씨앗이 있다면 이곳은 다시 시작할 수 있는 장소라고 말한다.,지켜낸 공간을 공동체의 기반으로 삼자,,3,0,0,2,0,,,,,,,,,EVT_W3_DIYA_STAY,디야는 남는 쪽의 입장을 강화한다.,MENU_OPTION,18,20,MORNING|AFTERNOON|EVENING,ONCE,110,AND,STATE,STA_W3_FUTURE_TALKS_OPEN,EQ,TRUE,QUEST_STATUS,QST_CHAR_DIYA,EQ,LOCKED,NONE,0,AND,STATE,STA_PRESERVE_SETTLEMENT,GE,2,STATE,STA_W2_SEEDS_PRESERVED,EQ,TRUE,TRUE,v1.6 Character Quest 미수락 플레이어용 Main 미래 대화 fallback.
FLOW_W3_FUTURE_DIYA_CHAR,N01,CHO_W3_DIYA_LEAVE,CHA_DIYA,폭풍 뒤의 삶에 대해 이야기한다,QST_CHAR_DIYA,QSTEP_CHAR_DIYA_03_FUTURE,PROGRESS,,,NARRATION,NARRATOR,제이는 이곳의 기억을 지키는 것과 이곳에 반드시 남는 것은 다른 문제라고 말한다.,공동체는 장소보다 사람을 따라갈 수도 있다,,2,0,0,1,0,,,,,,,,,EVT_W3_DIYA_LEAVE,디야는 떠나더라도 공동체가 사라지는 것은 아니라는 관점을 받아들인다.,MENU_OPTION,18,20,MORNING|AFTERNOON|EVENING,ONCE,110,AND,STATE,STA_W3_FUTURE_TALKS_OPEN,EQ,TRUE,,,,,SOCIAL,3,AND,,,,,,,,,TRUE,v1.6 Character 장기 퀘스트 최종 단계.
FLOW_W3_FUTURE_DIYA_MAIN,N01,CHO_W3_DIYA_LEAVE,CHA_DIYA,폭풍 뒤의 삶에 대해 이야기한다,QST_W3_MAIN_04_FUTURE,QSTEP_W3_MAIN_04_FUTURE_01,PROGRESS,,,NARRATION,NARRATOR,제이는 이곳의 기억을 지키는 것과 이곳에 반드시 남는 것은 다른 문제라고 말한다.,공동체는 장소보다 사람을 따라갈 수도 있다,,2,0,0,1,0,,,,,,,,,EVT_W3_DIYA_LEAVE,디야는 떠나더라도 공동체가 사라지는 것은 아니라는 관점을 받아들인다.,MENU_OPTION,18,20,MORNING|AFTERNOON|EVENING,ONCE,110,AND,STATE,STA_W3_FUTURE_TALKS_OPEN,EQ,TRUE,QUEST_STATUS,QST_CHAR_DIYA,EQ,LOCKED,SOCIAL,3,AND,,,,,,,,,TRUE,v1.6 Character Quest 미수락 플레이어용 Main 미래 대화 fallback.
